id,first_name,last_name,email,street address,ssn,date of birth
1,Walt,Halpeine,whalpeine0@hostgator.com,365 Kinsman Avenue,164-94-5965,5/27/1991
2,Erv,Brand,ebrand1@shutterfly.com,378 Blue Bill Park Park,794-87-5684,3/11/1986
3,Karalee,Kilbey,kkilbey2@360.cn,49381 Haas Terrace,120-75-2528,7/24/1982
4,Shelby,Spiaggia,sspiaggia3@indiegogo.com,900 Fremont Alley,855-34-7781,3/9/1994
5,Barr,Debill,bdebill4@unesco.org,6 Clemons Trail,200-69-4394,11/12/1983
6,Robbie,Forseith,rforseith5@narod.ru,77 Heath Alley,117-56-7487,11/9/1987
7,Annabal,Godly,agodly6@shop-pro.jp,37 Surrey Lane,175-48-0810,12/16/1985
8,Gwyneth,Fyndon,gfyndon7@webs.com,4 Wayridge Junction,435-15-4255,12/30/1990
9,Cristi,Lethlay,clethlay8@youtu.be,9 Springs Plaza,686-67-2693,1/11/1989
10,Bevon,Popplestone,bpopplestone9@free.fr,9069 Sunbrook Pass,272-11-8883,2/25/1993
11,Vaughan,Powley,vpowleya@list-manage.com,5 Kings Street,283-63-8808,12/11/1995
12,Teriann,Gilliat,tgilliatb@cloudflare.com,2 Linden Place,215-57-1022,6/15/1994
13,Melany,Ivasyushkin,mivasyushkinc@oracle.com,794 Jenifer Alley,390-66-4787,2/4/1988
14,Halimeda,Goodlip,hgoodlipd@paginegialle.it,63 Dawn Place,180-98-7967,1/22/1986
15,Anton,Kerss,akersse@pbs.org,17 Center Park,504-80-6092,12/10/1994
16,Thom,Deane,tdeanef@woothemes.com,93 Bluestem Junction,834-23-5457,11/26/1997
17,Nadean,Fayne,nfayneg@theglobeandmail.com,369 Heath Avenue,700-98-9407,5/3/1986
18,Stacy,Greave,sgreaveh@about.me,262 Meadow Vale Park,108-69-0746,12/28/1988
19,Wilma,Crouse,wcrousei@prnewswire.com,857 Grasskamp Park,166-10-6396,4/12/1990
20,Joshua,Andreopolos,jandreopolosj@theguardian.com,1704 Transport Way,332-65-9365,9/27/1998
21,Dee dee,Catlette,dcatlettek@kickstarter.com,7 Nevada Plaza,279-65-4915,12/17/1988
22,Freida,Gammage,fgammagel@about.com,37044 Graceland Park,802-75-5205,9/16/1980
23,Tanny,Lyven,tlyvenm@github.io,2168 Pepper Wood Hill,403-71-9399,3/14/1994
24,Gwenette,Daniels,gdanielsn@stumbleupon.com,7 New Castle Hill,436-03-6228,11/25/1986
25,Suzette,Blabie,sblabieo@freewebs.com,71 Pond Pass,355-88-6556,3/14/1986
26,Hadlee,Weymont,hweymontp@lulu.com,177 Rockefeller Alley,297-29-3193,4/23/1986
27,Zenia,Leibold,zleiboldq@sogou.com,1 Cherokee Park,293-61-0107,4/13/1992
28,Pandora,Bartot,pbartotr@odnoklassniki.ru,278 Sutteridge Way,624-27-8142,6/2/1989
29,Jessamine,Artindale,jartindales@people.com.cn,340 New Castle Trail,361-22-8748,1/27/1991
30,Kipp,Mayoh,kmayoht@house.gov,7 Victoria Road,546-47-6426,3/22/1982
31,Rance,Palek,rpaleku@boston.com,17736 Farmco Parkway,486-56-8653,7/17/1988
32,Earle,Ace,eacev@123-reg.co.uk,78 Moland Street,365-48-7333,1/13/1994
33,Judah,Jeannet,jjeannetw@smh.com.au,81505 Rowland Center,539-21-3964,6/7/1994
34,Harrie,Lardeur,hlardeurx@china.com.cn,71 Fallview Alley,848-59-4046,2/26/1986
35,Leoine,Trendle,ltrendley@forbes.com,40 Thompson Lane,560-91-6699,8/22/1981
36,Borden,Illesley,billesleyz@vistaprint.com,6 Arizona Avenue,164-43-3918,3/2/1998
37,Keen,Ellse,kellse10@addtoany.com,4 Fulton Park,307-30-5483,11/6/1993
38,Obie,Apfel,oapfel11@discovery.com,590 Nancy Junction,478-68-5573,6/13/1983
39,Raymond,Gellier,rgellier12@naver.com,9024 Kensington Trail,654-15-1722,12/11/1994
40,Rick,Santer,rsanter13@epa.gov,0605 Arkansas Plaza,775-92-4264,10/26/1988
41,Sonni,Benian,sbenian14@networkadvertising.org,42741 Acker Circle,556-98-2131,5/8/1980
42,Cassie,Jurewicz,cjurewicz15@xinhuanet.com,79 Fordem Lane,241-14-6702,5/7/1989
43,Darcey,Demcik,ddemcik16@rediff.com,5316 Blaine Hill,336-09-3350,11/2/1983
44,Bevon,Conti,bconti17@dion.ne.jp,16651 Grasskamp Park,231-99-0681,8/22/1980
45,Carlita,Edgson,cedgson18@businessweek.com,2649 Jay Alley,372-88-2521,4/20/1990
46,Susette,Klimsch,sklimsch19@marriott.com,80019 Sachs Crossing,223-58-9048,3/23/1989
47,Ally,Corkel,acorkel1a@whitehouse.gov,66053 Warrior Trail,234-36-5010,4/27/1988
48,Shaughn,Ferrai,sferrai1b@infoseek.co.jp,381 Norway Maple Center,549-94-8618,6/10/1993
49,Fredrick,Littrik,flittrik1c@auda.org.au,46 Butterfield Parkway,792-45-2836,7/16/1983
50,Flss,Yoselevitch,fyoselevitch1d@examiner.com,4 Corry Center,254-54-4700,3/6/1982
51,Putnam,Robinette,probinette1e@go.com,2 Roxbury Center,810-46-3914,11/11/1989
52,Kaycee,Dedham,kdedham1f@123-reg.co.uk,426 Garrison Parkway,322-93-3899,8/9/1980
53,Harry,Westgate,hwestgate1g@networkadvertising.org,0 Arizona Way,307-54-4025,11/28/1987
54,Luz,Aslet,laslet1h@hhs.gov,12 Browning Court,298-76-8962,1/13/1985
55,Debee,Swanston,dswanston1i@yolasite.com,7315 Fallview Street,781-31-0317,7/28/1992
56,Nathaniel,Coady,ncoady1j@hao123.com,89 Meadow Valley Trail,898-16-9808,1/7/1982
57,Devin,Boriston,dboriston1k@theatlantic.com,889 Kim Crossing,484-33-0564,5/19/1996
58,Thia,Scullard,tscullard1l@webnode.com,23 Melody Junction,290-14-0854,3/8/1988
59,Paton,Rossoni,prossoni1m@sciencedaily.com,526 Anderson Road,288-87-5977,1/16/1986
60,Thatch,Evemy,tevemy1n@bigcartel.com,912 Hoepker Junction,394-19-5886,5/23/1988
61,Katleen,Karpenya,kkarpenya1o@census.gov,06173 Cascade Lane,747-24-3486,5/1/1981
62,Phillie,Fluger,pfluger1p@nasa.gov,80488 Hovde Pass,529-66-5939,9/21/1990
63,Dicky,Antonignetti,dantonignetti1q@sakura.ne.jp,90098 Hermina Street,406-19-4736,5/29/1989
64,Gnni,Mogford,gmogford1r@si.edu,248 Artisan Circle,331-87-3109,11/24/1982
65,Katuscha,Ladbrooke,kladbrooke1s@answers.com,4 Norway Maple Parkway,626-53-1068,6/23/1996
66,Jud,Pollicott,jpollicott1t@bloglines.com,63564 Ramsey Place,543-76-7090,9/1/1991
67,Wynn,Murcott,wmurcott1u@unblog.fr,00 Northfield Alley,553-59-7807,2/28/1991
68,Worthy,Reast,wreast1v@google.pl,4 Cherokee Place,186-01-3300,6/3/1989
69,Maddie,Rhelton,mrhelton1w@constantcontact.com,53156 Portage Point,857-02-0160,10/27/1986
70,Corbet,Tuminini,ctuminini1x@sbwire.com,537 Schmedeman Alley,878-96-8835,11/25/1988
71,Mae,Butterfill,mbutterfill1y@geocities.jp,9 Chinook Point,255-09-7856,4/29/1993
72,Florance,Case,fcase1z@seattletimes.com,2 Coolidge Lane,465-44-0970,2/12/1988
73,Aurore,Domaschke,adomaschke20@walmart.com,73461 Sheridan Lane,356-40-7465,8/31/1983
74,Marybeth,Cannicott,mcannicott21@ustream.tv,6 Helena Trail,369-22-9367,3/18/1992
75,Addia,Hummerston,ahummerston22@facebook.com,801 Sachs Drive,582-27-5223,5/13/1983
76,Nicol,Muat,nmuat23@joomla.org,3 Golf View Road,193-81-8051,6/2/1990
77,Clarabelle,Ethelston,cethelston24@blog.com,1849 Kinsman Pass,549-78-9026,4/4/1988
78,Winn,Othick,wothick25@domainmarket.com,13463 Golf Parkway,517-94-2379,3/2/1984
79,Obie,Bilverstone,obilverstone26@unicef.org,5763 Manitowish Junction,499-65-3849,9/4/1992
80,Bethena,Jouhan,bjouhan27@chicagotribune.com,8681 Huxley Alley,208-81-5850,11/29/1994
81,Adriane,Genty,agenty28@businessweek.com,490 Dunning Terrace,130-21-3657,5/26/1995
82,Isaac,Thurbon,ithurbon29@topsy.com,28 Schmedeman Crossing,236-33-6985,10/26/1985
83,Erastus,Perfili,eperfili2a@google.ca,1868 Memorial Junction,492-07-5245,11/8/1990
84,Sydelle,Smeath,ssmeath2b@lycos.com,89 Huxley Trail,569-70-7073,10/21/1991
85,Anderson,Harrad,aharrad2c@bravesites.com,700 Victoria Road,359-32-8727,11/29/1992
86,Stanleigh,Lingfoot,slingfoot2d@cbsnews.com,4 Kipling Terrace,647-14-4186,11/5/1983
87,Prescott,Talks,ptalks2e@dion.ne.jp,41535 Lighthouse Bay Park,495-77-4344,4/6/1983
88,Gardener,Birds,gbirds2f@spiegel.de,2531 Gerald Point,801-90-5553,12/3/1998
89,Charil,Stanworth,cstanworth2g@squarespace.com,899 Lakeland Junction,378-40-6382,6/15/1989
90,Jammie,Birrell,jbirrell2h@yahoo.co.jp,31490 Gulseth Parkway,753-61-3867,10/13/1992
91,Jasmine,Wildber,jwildber2i@hubpages.com,94 Elka Parkway,748-08-0436,4/12/1996
92,Shaylyn,Klemt,sklemt2j@un.org,44891 Reinke Terrace,403-60-4890,4/25/1988
93,Osbourne,Micallef,omicallef2k@ycombinator.com,1670 Ludington Place,754-28-6202,10/20/1993
94,Cobby,Hender,chender2l@cbslocal.com,0952 Arkansas Point,327-53-9558,4/30/1994
95,Valentino,Inggall,vinggall2m@disqus.com,872 Nancy Lane,167-14-3170,2/19/1990
96,Melisandra,Stockport,mstockport2n@bandcamp.com,9577 Ohio Way,512-97-6127,11/15/1984
97,Carlie,Spieck,cspieck2o@businesswire.com,37386 5th Center,600-16-8039,4/11/1981
98,Nestor,Sidworth,nsidworth2p@shutterfly.com,594 Village Green Terrace,120-39-7736,1/15/1994
99,Faustine,Gambles,fgambles2q@purevolume.com,5555 Farwell Avenue,255-41-9723,4/5/1985
100,Rikki,Ilyas,rilyas2r@baidu.com,96 Starling Junction,803-64-6252,5/3/1993
101,Ignacio,Djorevic,idjorevic2s@shinystat.com,13 Vermont Alley,716-88-6606,2/3/1993
102,Pen,Selbie,pselbie2t@gravatar.com,739 Schmedeman Place,381-79-4337,3/14/1985
103,Ruby,Lebrun,rlebrun2u@altervista.org,503 Village Green Trail,350-35-3327,6/26/1995
104,Margi,Bartlett,mbartlett2v@washington.edu,81722 Anzinger Parkway,532-87-8496,8/2/1985
105,Winn,Jeremiah,wjeremiah2w@sogou.com,98996 Thompson Way,755-68-1303,5/9/1985
106,Tandy,Caught,tcaught2x@quantcast.com,11 Farwell Hill,648-72-4448,3/31/1980
107,Natassia,Physick,nphysick2y@51.la,3 Anniversary Terrace,367-31-2484,2/16/1985
108,Harlen,Bluschke,hbluschke2z@ifeng.com,84 Briar Crest Plaza,292-41-4885,2/15/1983
109,Carlyle,Klemenz,cklemenz30@pbs.org,86951 Sloan Trail,210-02-9304,2/1/1985
110,Wally,Deniso,wdeniso31@arizona.edu,2 Melby Hill,832-82-0681,4/6/1988
111,Salomi,Grishukhin,sgrishukhin32@yahoo.com,1 Blaine Hill,113-20-6536,10/26/1982
112,Dorette,Hansford,dhansford33@dedecms.com,7 Springs Drive,339-21-3296,6/19/1981
113,Dyann,Gregorowicz,dgregorowicz34@time.com,5085 Union Circle,160-46-9769,8/8/1991
114,Forrest,Giampietro,fgiampietro35@chronoengine.com,45 Basil Circle,331-91-1351,4/22/1986
115,Crosby,Cordelet,ccordelet36@springer.com,2 Elka Crossing,543-98-0368,12/7/1988
116,Kissie,Rawsthorne,krawsthorne37@businessinsider.com,0328 Shasta Crossing,154-82-5691,8/3/1985
117,Simonette,McKibbin,smckibbin38@bluehost.com,3 Hagan Junction,875-29-0040,7/31/1988
118,Jacqui,O'Loughane,joloughane39@rediff.com,7 Clarendon Junction,700-99-0633,3/25/1990
119,Bartlet,Lockyear,blockyear3a@google.com.au,9548 Dixon Trail,321-01-5568,5/14/1997
120,Xylia,Draye,xdraye3b@npr.org,2 Forest Park,570-54-4259,12/21/1980
121,Ricoriki,Cleife,rcleife3c@com.com,63 Larry Park,812-72-1724,2/11/1993
122,Bennie,Davidwitz,bdavidwitz3d@cnn.com,53 Nobel Hill,227-80-8729,4/14/1984
123,Raimund,Creedland,rcreedland3e@google.nl,729 Huxley Place,726-64-6306,10/27/1989
124,Cristal,Longson,clongson3f@ezinearticles.com,7384 Waywood Point,791-33-2457,1/3/1988
125,Cosmo,Dansken,cdansken3g@mlb.com,970 Sherman Avenue,657-94-2040,5/25/1980
126,Thomasa,Rawood,trawood3h@parallels.com,1 Kedzie Hill,440-92-5418,6/26/1988
127,Indira,Bellenger,ibellenger3i@twitter.com,22271 Blaine Plaza,856-52-6035,4/9/1993
128,Deloris,Gregoretti,dgregoretti3j@umn.edu,63 Northridge Lane,581-70-9040,6/9/1987
129,Trisha,Linnit,tlinnit3k@newsvine.com,27 Mockingbird Hill,375-26-4254,2/16/1980
130,Ferris,Jodlkowski,fjodlkowski3l@utexas.edu,2 Algoma Hill,311-72-2266,6/23/1994
131,Katy,Clohissy,kclohissy3m@jimdo.com,24 Dovetail Court,741-95-2166,12/5/1996
132,Field,Pyburn,fpyburn3n@chicagotribune.com,5360 Farragut Lane,240-92-2743,8/22/1994
133,Benedicta,Eglington,beglington3o@linkedin.com,5839 Fordem Avenue,683-37-5780,1/28/1983
134,Elaine,Daltry,edaltry3p@163.com,22187 Washington Park,734-12-9360,2/11/1988
135,Morgen,Ferencowicz,mferencowicz3q@t.co,97 Bay Avenue,549-75-7727,12/9/1982
136,Olly,McIlrath,omcilrath3r@state.tx.us,21887 Glacier Hill Hill,697-13-3823,10/19/1980
137,Josey,Tetford,jtetford3s@skyrock.com,28706 Victoria Park,794-12-4173,4/6/1998
138,Carmita,Danat,cdanat3t@whitehouse.gov,24 Green Ridge Junction,620-34-7143,10/8/1992
139,Barr,Niblock,bniblock3u@ox.ac.uk,7215 Mcbride Alley,865-20-8013,8/21/1991
140,Phillipp,Barras,pbarras3v@mit.edu,57 Atwood Street,833-76-1304,4/11/1993
141,Waldemar,Danihelka,wdanihelka3w@accuweather.com,98 Northfield Court,119-81-1578,1/15/1980
142,Lavena,Twyning,ltwyning3x@about.com,8066 Northwestern Junction,267-45-1384,1/21/1993
143,Johanna,Matthaus,jmatthaus3y@qq.com,24 Mayfield Hill,585-92-8122,5/8/1989
144,Jodi,Tuckett,jtuckett3z@netvibes.com,930 Mariners Cove Drive,816-05-2807,9/12/1982
145,Byrann,Dargue,bdargue40@fc2.com,660 Mcguire Street,180-36-7025,10/26/1987
146,Allissa,Lammertz,alammertz41@utexas.edu,71948 Marcy Point,167-36-1651,7/4/1983
147,Judie,Matthius,jmatthius42@technorati.com,234 Forest Plaza,846-65-6295,12/31/1995
148,Gary,O' Lone,golone43@guardian.co.uk,4867 Buena Vista Avenue,635-20-1231,10/25/1984
149,Flossy,Margery,fmargery44@smh.com.au,65 Anderson Plaza,593-13-6883,8/6/1985
150,Barbette,Bickford,bbickford45@surveymonkey.com,7676 Carey Parkway,533-04-9039,5/29/1988
151,Elbert,Menichino,emenichino46@naver.com,5760 Sunfield Park,485-39-8385,7/25/1990
152,Shelby,Hefferon,shefferon47@ucoz.com,9 Calypso Park,267-88-1202,10/11/1989
153,Micaela,Esplin,mesplin48@tmall.com,0 Gale Point,745-95-3590,9/10/1983
154,Tiffie,Chaffer,tchaffer49@1688.com,01 New Castle Center,449-14-8862,7/11/1990
155,Peadar,Schindler,pschindler4a@tumblr.com,5 Kingsford Trail,512-21-4630,11/21/1983
156,Tova,Bream,tbream4b@google.pl,47 Texas Court,231-81-9637,10/26/1996
157,Corbie,Woodroff,cwoodroff4c@nationalgeographic.com,7 Moland Alley,586-94-9413,12/13/1985
158,Ranna,Zanioletti,rzanioletti4d@ftc.gov,9 Havey Plaza,662-45-1633,11/29/1994
159,Carmine,de Marco,cdemarco4e@mapquest.com,1 Grasskamp Lane,827-30-3242,7/17/1981
160,Myca,Potte,mpotte4f@whitehouse.gov,9999 Sycamore Lane,727-80-2179,4/2/1986
161,Cristian,Pyser,cpyser4g@livejournal.com,21 Drewry Road,272-73-3310,4/11/1985
162,Andros,Mussington,amussington4h@bluehost.com,6438 Monterey Terrace,595-78-2064,9/10/1998
163,Adi,Hegg,ahegg4i@hud.gov,08299 Birchwood Parkway,245-38-8278,6/3/1997
164,Corabelle,Pinfold,cpinfold4j@indiatimes.com,63314 Ridge Oak Junction,247-45-5171,7/14/1998
165,Krissie,Boxhall,kboxhall4k@cnn.com,58757 Memorial Lane,621-15-3832,3/23/1981
166,Waldon,Inwood,winwood4l@who.int,64 Glendale Street,138-19-6782,9/3/1992
167,Colline,Kordova,ckordova4m@mac.com,9005 Gale Hill,890-33-4134,1/11/1982
168,Early,Champain,echampain4n@umn.edu,50880 Longview Road,843-61-2915,2/26/1984
169,Stevana,Durham,sdurham4o@smh.com.au,80 Barnett Road,354-60-7912,5/19/1981
170,Laetitia,Downe,ldowne4p@typepad.com,23306 Forest Court,264-37-9579,4/20/1997
171,Vanya,Barnshaw,vbarnshaw4q@economist.com,30234 Old Shore Alley,369-09-8385,12/14/1994
172,Gardener,Ellingford,gellingford4r@prweb.com,07465 Fairview Court,844-83-6875,7/13/1982
173,Nat,Golby,ngolby4s@umn.edu,01 Delaware Court,700-78-3532,11/4/1995
174,Vale,Cufley,vcufley4t@diigo.com,6280 Hollow Ridge Lane,753-75-3364,11/16/1990
175,Betty,Coote,bcoote4u@un.org,54 Oakridge Alley,334-79-9691,11/26/1995
176,Darius,Yukhov,dyukhov4v@drupal.org,7 Northfield Way,506-50-5696,3/17/1997
177,Fanechka,Collabine,fcollabine4w@bluehost.com,72 Boyd Road,608-30-3271,12/1/1980
178,Marcus,Levin,mlevin4x@netlog.com,15 Claremont Pass,277-34-7046,4/15/1991
179,Chevy,Matuschek,cmatuschek4y@mysql.com,821 Sherman Circle,676-92-6617,3/30/1998
180,Jaime,Blonfield,jblonfield4z@ning.com,8631 Spenser Pass,445-88-9215,8/14/1991
181,Chaddy,Dering,cdering50@baidu.com,19 Eliot Court,497-82-0111,3/28/1982
182,Jeannette,Kesten,jkesten51@topsy.com,19 Crest Line Hill,244-94-4481,7/31/1987
183,Weber,Ternouth,wternouth52@artisteer.com,45286 Northfield Court,298-04-0618,12/2/1992
184,Marilin,Kill,mkill53@thetimes.co.uk,541 Dovetail Terrace,549-26-4116,7/10/1987
185,Gardner,Peile,gpeile54@hp.com,9089 Dakota Way,291-42-0706,11/6/1983
186,Sharai,Paolucci,spaolucci55@shinystat.com,70 Lillian Street,174-51-5958,2/28/1987
187,Sherlock,Piffe,spiffe56@sciencedirect.com,83 Loomis Plaza,114-76-2821,2/29/1988
188,Vanya,Dibble,vdibble57@jiathis.com,51903 Amoth Way,706-48-2420,8/15/1983
189,Gratiana,Barthot,gbarthot58@artisteer.com,946 Sheridan Road,746-36-7536,8/7/1983
190,Nariko,House,nhouse59@google.fr,6 Atwood Alley,206-66-5898,5/2/1991
191,Arvie,Kulis,akulis5a@google.nl,7183 8th Lane,409-55-5690,6/2/1987
192,Grantham,Quig,gquig5b@usa.gov,0 Barnett Park,653-35-4368,8/23/1980
193,Ebenezer,Karran,ekarran5c@sakura.ne.jp,3 Hoepker Terrace,283-35-3256,2/18/1996
194,Bobbe,Littlekit,blittlekit5d@over-blog.com,49 East Place,396-31-3474,1/15/1993
195,Silvio,Broxup,sbroxup5e@example.com,14541 Hermina Park,227-28-4225,8/2/1987
196,Sherline,Collomosse,scollomosse5f@rediff.com,92 Spohn Place,739-56-0016,9/14/1990
197,Borden,Manders,bmanders5g@dion.ne.jp,376 Maryland Court,637-96-7433,6/6/1994
198,Chrissy,Parks,cparks5h@joomla.org,64 Longview Circle,551-43-6865,1/31/1995
199,Charlton,Scaice,cscaice5i@cyberchimps.com,718 Warner Center,468-55-6456,7/16/1985
200,Gilberte,Pandya,gpandya5j@patch.com,3248 Blackbird Crossing,419-50-7316,4/28/1980
201,Sophie,Sturgis,ssturgis5k@mediafire.com,4409 6th Place,100-52-6785,2/11/1998
202,Griselda,Quarmby,gquarmby5l@simplemachines.org,64 Johnson Drive,392-09-1428,2/5/1985
203,Desiri,O'Fallone,dofallone5m@howstuffworks.com,33 Northland Court,189-39-2399,3/23/1991
204,Corella,Killford,ckillford5n@dagondesign.com,858 Spohn Terrace,412-15-3253,11/6/1996
205,Diena,Bargh,dbargh5o@google.co.jp,738 Fuller Terrace,424-27-6335,12/25/1996
206,Kelley,MacFadzan,kmacfadzan5p@cmu.edu,560 Hoepker Pass,540-73-1976,1/21/1998
207,Ludvig,De Carlo,ldecarlo5q@google.cn,74 Longview Point,118-89-5187,11/22/1991
208,Phyllys,McWhirter,pmcwhirter5r@aol.com,2930 Crest Line Road,810-46-9733,9/13/1985
209,Alysia,Spackman,aspackman5s@reverbnation.com,43071 Pond Junction,781-06-4205,7/18/1985
210,Callida,McKall,cmckall5t@about.com,8 Melby Center,382-19-8511,12/16/1986
211,Carroll,Sheryne,csheryne5u@list-manage.com,125 Oxford Way,334-17-4403,4/22/1984
212,Moise,Pitcher,mpitcher5v@zimbio.com,6 Paget Park,650-99-0966,7/13/1984
213,Riki,Ropcke,rropcke5w@tripadvisor.com,2 Shasta Center,440-75-3118,1/31/1982
214,Lucian,Skull,lskull5x@ucsd.edu,0379 Manley Circle,196-48-6182,9/22/1987
215,Fran,Bartelet,fbartelet5y@census.gov,2 Shelley Way,436-14-7121,7/29/1997
216,Gino,Kalinsky,gkalinsky5z@ucoz.ru,547 Karstens Trail,850-64-9800,2/11/1984
217,Candy,Bettlestone,cbettlestone60@mlb.com,92422 Bartillon Court,865-56-1673,1/13/1991
218,Liva,Seden,lseden61@zimbio.com,38 Marquette Center,808-09-6069,2/25/1992
219,Harli,Beecker,hbeecker62@qq.com,38 Graedel Circle,898-65-8929,8/3/1998
220,Bunny,Snoding,bsnoding63@canalblog.com,58603 Kings Lane,554-55-2301,6/16/1998
221,Dionisio,Pitsall,dpitsall64@mtv.com,10 New Castle Court,495-93-7462,9/6/1982
222,Karmen,Dinley,kdinley65@hao123.com,41 8th Hill,775-91-6709,7/19/1992
223,Brande,Cumbridge,bcumbridge66@imgur.com,5288 Linden Junction,200-62-3653,7/30/1984
224,Ilse,Garric,igarric67@umich.edu,537 Waubesa Point,156-75-3317,10/13/1998
225,Wadsworth,Cartner,wcartner68@linkedin.com,86 Longview Parkway,802-07-1609,8/3/1983
226,Lil,Vanyashin,lvanyashin69@lulu.com,875 Oxford Trail,212-73-4621,4/19/1980
227,Guinevere,Von Helmholtz,gvonhelmholtz6a@tmall.com,00595 Veith Terrace,548-86-5949,2/29/1984
228,Chris,Weale,cweale6b@infoseek.co.jp,9 Vidon Plaza,650-07-9660,6/6/1988
229,Ty,Twining,ttwining6c@miitbeian.gov.cn,93905 Ludington Drive,328-62-2617,12/2/1996
230,Dayle,Tassell,dtassell6d@hud.gov,87183 Summer Ridge Junction,692-62-4855,4/4/1990
231,Elvira,Fardo,efardo6e@sfgate.com,4420 Everett Terrace,857-61-4999,7/27/1987
232,Mignonne,Garnsey,mgarnsey6f@4shared.com,2 Mesta Way,853-23-6311,1/4/1997
233,Lenee,Hanselmann,lhanselmann6g@walmart.com,0 Mcbride Street,821-46-3127,12/11/1995
234,Barbara,Gilderoy,bgilderoy6h@privacy.gov.au,64594 Mayfield Court,331-51-3547,5/29/1996
235,Niels,Blain,nblain6i@linkedin.com,53 Anthes Point,404-52-8075,5/18/1985
236,Geoffrey,Griswood,ggriswood6j@salon.com,5 Browning Trail,297-84-7514,7/27/1987
237,Genni,Dreakin,gdreakin6k@purevolume.com,15 Kingsford Drive,208-51-9921,9/11/1987
238,Carolynn,Pott,cpott6l@hud.gov,29293 Gulseth Street,305-09-9970,9/1/1981
239,Ivan,Bartelet,ibartelet6m@sun.com,77023 Meadow Vale Trail,443-07-3462,6/13/1991
240,Hyacinthia,Lemmers,hlemmers6n@imageshack.us,4710 Hoepker Circle,177-89-9400,7/5/1983
241,Annamarie,Zambon,azambon6o@myspace.com,9 Hovde Hill,846-73-3626,8/23/1998
242,Jareb,Wixon,jwixon6p@cam.ac.uk,632 Pine View Park,373-04-3988,1/18/1993
243,Suzie,Valadez,svaladez6q@nyu.edu,56 Bultman Trail,203-04-8184,3/16/1994
244,Heywood,Raggatt,hraggatt6r@biglobe.ne.jp,23 Reinke Terrace,449-96-6438,9/24/1986
245,Reena,Scarffe,rscarffe6s@parallels.com,343 Trailsway Circle,255-29-2477,8/22/1986
246,Ignacius,Rattry,irattry6t@senate.gov,460 Gateway Terrace,155-83-2391,1/26/1998
247,Dorian,Barrott,dbarrott6u@go.com,2151 Canary Place,169-76-8594,3/20/1984
248,Marijn,Haslam,mhaslam6v@youku.com,2696 Dixon Terrace,465-65-5442,7/7/1982
249,Virginie,Bragg,vbragg6w@rambler.ru,81 Macpherson Crossing,558-24-7985,3/31/1990
250,Merell,Reeken,mreeken6x@sakura.ne.jp,63038 American Trail,674-18-8847,11/6/1995
251,Ambrosius,Joist,ajoist6y@about.com,452 Pine View Drive,531-25-2338,12/12/1992
252,Tiertza,Hawk,thawk6z@instagram.com,71698 Westend Pass,330-52-9605,10/9/1984
253,Kerby,Geroldo,kgeroldo70@yale.edu,40592 Valley Edge Terrace,738-69-0849,5/26/1988
254,Xerxes,Grayshan,xgrayshan71@google.com.hk,8696 Center Terrace,544-27-9326,7/28/1996
255,Fran,Buckleigh,fbuckleigh72@vkontakte.ru,96 Longview Pass,209-78-0505,7/16/1983
256,Abba,Drioli,adrioli73@storify.com,2729 Claremont Plaza,431-37-0010,6/4/1987
257,Walt,Zorro,wzorro74@pbs.org,976 Redwing Avenue,342-45-5650,1/19/1997
258,Gare,Mougeot,gmougeot75@tuttocitta.it,23 Goodland Center,621-38-5612,4/4/1981
259,Flora,Tunnoch,ftunnoch76@go.com,3 8th Alley,775-96-4480,1/10/1991
260,Emmit,Digger,edigger77@imdb.com,97 Ruskin Crossing,795-40-4903,12/24/1997
261,Juliet,Bullus,jbullus78@cmu.edu,25 Marcy Crossing,254-46-0474,7/5/1981
262,Ambros,Wickham,awickham79@shop-pro.jp,5728 Tennyson Drive,425-59-9180,6/16/1983
263,Kirby,Ellesworthe,kellesworthe7a@wikipedia.org,102 Sullivan Park,658-06-8234,5/14/1997
264,Jania,Cornelleau,jcornelleau7b@mapy.cz,19773 Welch Way,765-20-1571,11/13/1996
265,Hilarius,Braithwaite,hbraithwaite7c@globo.com,68 Becker Place,734-44-9053,2/27/1993
266,Jamaal,Leacock,jleacock7d@moonfruit.com,02 Graedel Point,821-62-0347,7/21/1993
267,Neda,MacDiarmond,nmacdiarmond7e@chronoengine.com,1079 Mcguire Road,308-24-9770,5/10/1981
268,Eduardo,Letcher,eletcher7f@pbs.org,317 Eastwood Street,466-29-1886,5/1/1996
269,Dianna,Heggadon,dheggadon7g@myspace.com,467 Westridge Park,181-18-4089,2/14/1981
270,Jay,Lesek,jlesek7h@amazon.com,2 Bluestem Point,310-05-0182,10/28/1988
271,Vivienne,Mabbott,vmabbott7i@princeton.edu,28 Fordem Plaza,329-09-2924,4/17/1991
272,Zorine,Neillans,zneillans7j@de.vu,7 Clemons Avenue,274-49-9837,12/17/1989
273,Dionysus,Pettis,dpettis7k@mapquest.com,6064 Dakota Street,564-48-5741,2/14/1986
274,Sascha,Chastenet,schastenet7l@ezinearticles.com,94 Acker Crossing,277-03-2115,3/28/1991
275,Selinda,Burnand,sburnand7m@cdbaby.com,968 Green Ridge Way,244-32-3468,1/26/1991
276,Siward,Furminger,sfurminger7n@is.gd,70 Hazelcrest Street,709-76-7148,5/5/1984
277,Vicky,O'Conor,voconor7o@slate.com,6305 Shasta Avenue,585-96-3469,1/30/1992
278,Forbes,Redhills,fredhills7p@wikia.com,8 Maywood Plaza,501-70-1467,3/13/1980
279,Candace,Scragg,cscragg7q@ow.ly,14 Meadow Valley Hill,414-81-2626,1/11/1982
280,Frants,Claughton,fclaughton7r@drupal.org,737 Northland Center,765-11-2807,10/8/1984
281,Edvard,Nassau,enassau7s@loc.gov,7943 Crowley Place,753-38-4582,10/11/1998
282,Bambie,Marris,bmarris7t@dagondesign.com,26075 Quincy Terrace,586-43-9609,10/12/1995
283,Dalston,Bucky,dbucky7u@telegraph.co.uk,02 2nd Hill,699-38-8152,9/7/1995
284,Jerome,Aloshikin,jaloshikin7v@elegantthemes.com,26 Gateway Junction,371-39-9768,10/30/1995
285,Karney,Girhard,kgirhard7w@hubpages.com,4 Summerview Road,747-55-5996,6/26/1997
286,Chad,Muddle,cmuddle7x@cloudflare.com,711 International Place,416-48-5054,4/28/1983
287,Babbie,Minney,bminney7y@dmoz.org,164 Montana Circle,449-51-5826,5/18/1994
288,Petronille,Bury,pbury7z@wiley.com,08 Fuller Court,508-58-1600,5/23/1984
289,Crysta,Wannes,cwannes80@marriott.com,844 Bluejay Drive,156-60-9661,2/15/1986
290,Micheal,Wailes,mwailes81@arizona.edu,972 4th Avenue,519-48-6361,5/15/1981
291,Harald,Ames,hames82@deliciousdays.com,1 Little Fleur Junction,672-38-5026,2/22/1996
292,Niel,Giorgielli,ngiorgielli83@fotki.com,3 Golden Leaf Avenue,620-29-6020,3/22/1987
293,Aveline,Kadar,akadar84@princeton.edu,962 Arrowood Place,672-10-3853,10/5/1982
294,Quillan,Culy,qculy85@hc360.com,1 New Castle Hill,332-87-3933,12/28/1985
295,Carola,Pragnell,cpragnell86@cnbc.com,47377 Bellgrove Lane,331-60-1216,3/1/1995
296,Erhart,Antal,eantal87@delicious.com,791 Dixon Center,118-96-2536,2/4/1993
297,Culver,Learoid,clearoid88@ustream.tv,7 Steensland Way,793-98-3245,2/1/1984
298,Nathanial,Freathy,nfreathy89@rambler.ru,253 Muir Street,773-45-2754,11/15/1989
299,Tedmund,Voase,tvoase8a@nba.com,68309 Evergreen Street,388-56-3977,7/28/1988
300,Norby,Camili,ncamili8b@hhs.gov,1215 Loftsgordon Pass,129-04-5535,12/20/1980
301,Glynnis,Menlove,gmenlove8c@google.com.hk,86 Bunting Avenue,152-02-6168,4/27/1986
302,Rozamond,Brooksby,rbrooksby8d@linkedin.com,93 Kipling Point,577-87-7396,3/31/1980
303,Anestassia,Appleford,aappleford8e@wikipedia.org,3 Hayes Pass,472-62-6480,5/28/1987
304,Mischa,Endrighi,mendrighi8f@github.com,8634 Armistice Street,765-42-9631,10/29/1997
305,Kora,Bruineman,kbruineman8g@yale.edu,44 Rockefeller Terrace,714-91-2335,6/21/1989
306,Maxine,Hamberston,mhamberston8h@squarespace.com,4044 Spenser Drive,755-13-7174,11/15/1991
307,Cleve,Babington,cbabington8i@parallels.com,9759 Northfield Road,216-44-2300,4/6/1996
308,Adolf,Runacres,arunacres8j@amazonaws.com,4 Mccormick Terrace,410-21-3717,11/18/1993
309,Dilly,Sullivan,dsullivan8k@cyberchimps.com,86668 Grasskamp Junction,309-12-5137,8/1/1982
310,Hayley,Flowith,hflowith8l@thetimes.co.uk,71 Duke Park,617-80-4817,2/22/1988
311,Wilow,Bere,wbere8m@123-reg.co.uk,42 Straubel Circle,415-42-8592,10/28/1984
312,Waylin,Sloy,wsloy8n@woothemes.com,12607 Arizona Alley,697-33-2712,10/19/1987
313,Kimmi,Naisby,knaisby8o@delicious.com,394 Swallow Circle,474-74-2206,3/6/1983
314,Carrol,Darbyshire,cdarbyshire8p@webs.com,79947 Moland Street,804-87-6922,12/17/1996
315,Cherice,Elia,celia8q@tuttocitta.it,57 Sullivan Lane,453-39-9927,11/17/1981
316,Marie-ann,Battershall,mbattershall8r@google.co.uk,7443 Luster Alley,150-88-6013,5/5/1987
317,Kinna,Noquet,knoquet8s@paginegialle.it,74 Village Green Lane,656-82-5948,8/4/1981
318,Agata,Geake,ageake8t@arstechnica.com,185 Transport Drive,206-53-7888,1/4/1986
319,Erie,O'Day,eoday8u@blog.com,4 Evergreen Pass,165-87-7520,12/6/1986
320,Myrtie,Demschke,mdemschke8v@examiner.com,5 Monica Way,371-06-3802,10/30/1987
321,Freddy,Andraud,fandraud8w@cisco.com,9 Moulton Lane,315-34-9356,2/20/1997
322,Arlana,Stebbings,astebbings8x@google.co.uk,6964 Talmadge Street,851-65-7685,6/10/1980
323,Worth,Henriques,whenriques8y@newyorker.com,60436 Maywood Street,420-85-7740,9/11/1983
324,Vern,Scrane,vscrane8z@soundcloud.com,6 Shelley Center,288-72-3737,12/1/1990
325,Mattie,Lenthall,mlenthall90@dropbox.com,427 Veith Avenue,481-12-8610,5/1/1987
326,Ameline,Muge,amuge91@npr.org,1 Maple Road,460-48-8095,1/8/1996
327,Odo,Siret,osiret92@google.com.hk,14 Kings Drive,236-47-5955,3/24/1996
328,Sarah,Arsey,sarsey93@un.org,45004 Gina Pass,767-77-4199,10/26/1995
329,Donnell,Graber,dgraber94@utexas.edu,21 Goodland Avenue,828-85-2512,5/19/1981
330,Judd,Sandcroft,jsandcroft95@networkadvertising.org,92638 Cardinal Alley,162-30-1186,7/9/1997
331,Aleda,Petigrew,apetigrew96@t-online.de,12 Cordelia Plaza,116-17-8692,9/26/1986
332,Karin,Thackham,kthackham97@ehow.com,48086 Dunning Street,285-90-8283,8/23/1987
333,Ignacio,Glen,iglen98@myspace.com,0655 Heath Lane,389-14-2559,5/21/1989
334,Amaleta,Ghidini,aghidini99@ask.com,66262 High Crossing Pass,664-12-2760,2/12/1995
335,Glennis,Van der Beek,gvanderbeek9a@edublogs.org,42581 Beilfuss Terrace,353-54-5032,5/27/1998
336,Rene,Saice,rsaice9b@merriam-webster.com,12892 Buell Pass,564-63-7975,4/26/1996
337,Jodee,Steffans,jsteffans9c@japanpost.jp,0 Mallard Way,475-03-0080,8/20/1984
338,Alvie,Kobus,akobus9d@plala.or.jp,60 Sunnyside Trail,495-83-8007,10/20/1988
339,Emmey,Richard,erichard9e@bbb.org,5017 Tennyson Point,425-94-2637,8/19/1993
340,Warden,Dranfield,wdranfield9f@europa.eu,490 Farmco Avenue,359-20-1577,7/20/1986
341,Sayres,Pinckard,spinckard9g@dedecms.com,9578 Eagle Crest Park,474-87-6399,1/20/1986
342,Dru,Winters,dwinters9h@posterous.com,69089 Redwing Way,738-83-6062,2/24/1981
343,Alice,Warlawe,awarlawe9i@umn.edu,5 Harper Junction,300-75-0184,5/21/1995
344,Bentley,Pound,bpound9j@nationalgeographic.com,79 Butternut Plaza,674-73-1774,7/29/1980
345,Bertram,Fluit,bfluit9k@themeforest.net,468 Westerfield Drive,446-84-0010,4/9/1992
346,Laurette,Winward,lwinward9l@smugmug.com,72 Kim Trail,817-35-8850,2/14/1994
347,Kalinda,Spradbrow,kspradbrow9m@mac.com,373 Upham Road,429-33-1329,2/6/1998
348,Marie,Domengue,mdomengue9n@spiegel.de,1 Glacier Hill Alley,131-11-6321,7/27/1984
349,Gordon,Lindsley,glindsley9o@lulu.com,41648 Pankratz Center,676-98-9896,10/20/1988
350,Jabez,Greenhouse,jgreenhouse9p@drupal.org,1 Colorado Drive,765-19-9657,4/9/1992
351,Jose,Birtles,jbirtles9q@go.com,46947 Burning Wood Lane,546-69-5063,7/15/1997
352,Bert,Haddinton,bhaddinton9r@prlog.org,25 5th Drive,661-88-7088,4/22/1990
353,Reuven,Sherebrook,rsherebrook9s@blogs.com,10773 Summit Plaza,600-20-5288,1/6/1993
354,Kathlin,Hatherley,khatherley9t@netvibes.com,777 Londonderry Trail,421-05-8437,11/12/1996
355,Antonella,Jiggen,ajiggen9u@elegantthemes.com,4624 Summer Ridge Plaza,749-23-4564,3/14/1984
356,Terencio,Belham,tbelham9v@topsy.com,05 Briar Crest Center,515-73-8154,11/26/1989
357,Carissa,Menary,cmenary9w@sciencedaily.com,87 Kings Plaza,748-97-1856,1/29/1996
358,Albertina,Bortoluzzi,abortoluzzi9x@disqus.com,65 Novick Crossing,854-69-4896,11/16/1987
359,Judon,Carloni,jcarloni9y@imdb.com,170 Pleasure Terrace,692-01-5594,1/7/1989
360,Guglielmo,Murie,gmurie9z@google.it,912 North Drive,884-01-8593,1/12/1981
361,Adrea,Touret,atoureta0@illinois.edu,78471 Larry Pass,311-65-4383,10/1/1991
362,Efren,Bertlin,ebertlina1@boston.com,3425 Havey Crossing,281-95-3737,2/28/1983
363,Allina,Jamary,ajamarya2@lulu.com,44377 Warrior Road,768-61-8716,12/30/1986
364,Joyce,Paterno,jpaternoa3@nydailynews.com,9442 Forster Park,487-61-9770,2/8/1992
365,Stearne,Mawby,smawbya4@gmpg.org,304 Sunfield Lane,855-52-4496,2/15/1993
366,Nevin,Spurdens,nspurdensa5@omniture.com,729 Toban Crossing,140-10-8448,5/29/1989
367,Ruthie,MattiCCI,rmatticcia6@pen.io,1675 Everett Alley,258-08-8274,2/6/1996
368,Ozzie,Keitley,okeitleya7@networkadvertising.org,97 Dovetail Junction,652-69-2313,7/2/1992
369,Yancey,Dispencer,ydispencera8@harvard.edu,4 Marquette Court,730-21-8718,6/8/1982
370,Tammie,Pickersgill,tpickersgilla9@chronoengine.com,4706 Grim Trail,881-42-4184,6/11/1996
371,Adorne,Tomankiewicz,atomankiewiczaa@vistaprint.com,12506 Hansons Plaza,153-28-7942,6/13/1989
372,Osborne,Disney,odisneyab@tinyurl.com,351 South Road,375-87-0770,6/11/1997
373,Karole,Coverly,kcoverlyac@webnode.com,6507 Birchwood Junction,722-89-7752,12/29/1983
374,Anna-diane,Sandford,asandfordad@google.com,723 Hanson Crossing,553-99-2883,2/28/1991
375,Avictor,Commucci,acommucciae@reddit.com,63384 Mendota Lane,864-34-9781,3/23/1980
376,Phillie,Schurcke,pschurckeaf@newyorker.com,02859 Maywood Alley,614-27-8029,8/19/1986
377,Tallou,Vedikhov,tvedikhovag@bloomberg.com,754 Spohn Trail,265-53-2874,9/28/1982
378,Starlin,Heritege,sheritegeah@tumblr.com,44 Morningstar Road,867-37-2083,3/17/1994
379,Cassondra,Bradnam,cbradnamai@army.mil,567 Prairieview Lane,753-56-2656,1/15/1982
380,Marylynne,Brunelli,mbrunelliaj@bloglines.com,58367 Delladonna Trail,281-93-2400,6/10/1995
381,Darya,Giorgetti,dgiorgettiak@census.gov,306 Glacier Hill Parkway,828-80-7252,10/24/1982
382,Ford,Heady,fheadyal@friendfeed.com,48 Lotheville Parkway,154-69-6085,9/23/1993
383,Julie,Carrigan,jcarriganam@studiopress.com,2237 Bartelt Court,881-12-5809,3/8/1980
384,Wanids,Jencken,wjenckenan@indiatimes.com,4722 Ridgeview Junction,281-93-6133,7/28/1996
385,Rosaline,Seaborne,rseaborneao@tinypic.com,8 Mesta Center,441-99-5551,4/24/1984
386,Keelia,Bonniface,kbonnifaceap@google.ca,31706 Judy Point,443-08-1627,7/30/1988
387,Michale,Emery,memeryaq@accuweather.com,952 Thierer Alley,617-79-6404,12/26/1990
388,Saundra,Dransfield,sdransfieldar@prweb.com,53885 Bartillon Avenue,727-72-5129,8/3/1991
389,Tandi,Maskall,tmaskallas@cyberchimps.com,05 Lakeland Plaza,465-39-0924,9/27/1984
390,Gloriana,Going,ggoingat@craigslist.org,12 Lawn Alley,383-76-0593,4/8/1984
391,Eustacia,Pavy,epavyau@uol.com.br,1205 Twin Pines Circle,391-86-8733,4/26/1993
392,Kati,Gibbs,kgibbsav@livejournal.com,428 Gateway Lane,828-97-4446,7/7/1988
393,Bearnard,Cowsby,bcowsbyaw@lulu.com,175 David Court,685-64-3240,7/1/1983
394,Nerte,Kirsz,nkirszax@home.pl,9 Gina Parkway,583-85-4445,12/25/1995
395,Quincy,Skipsey,qskipseyay@nbcnews.com,012 Debs Plaza,311-05-4869,7/4/1983
396,Bridie,Antley,bantleyaz@indiatimes.com,4 Knutson Road,609-53-7266,11/15/1980
397,Emmye,Haggleton,ehaggletonb0@icio.us,15906 Packers Court,470-28-4375,2/21/1993
398,Cristal,Gladding,cgladdingb1@ask.com,22 Holy Cross Terrace,804-70-5224,6/19/1998
399,Brock,Gorhardt,bgorhardtb2@dailymotion.com,783 Oakridge Court,455-09-3040,8/30/1989
400,Bernetta,Alcide,balcideb3@flavors.me,7267 Becker Drive,407-55-8269,10/29/1995
401,Charmaine,Gallaccio,cgallacciob4@theglobeandmail.com,06503 Badeau Court,106-04-0666,11/9/1984
402,Dolph,Domesday,ddomesdayb5@house.gov,8633 Dryden Court,377-32-2462,10/21/1983
403,Haze,Galland,hgallandb6@live.com,444 Graedel Terrace,594-70-8379,7/13/1992
404,Edlin,Grabert,egrabertb7@bbc.co.uk,897 Thierer Drive,273-58-2111,4/12/1994
405,Pip,Swinnard,pswinnardb8@geocities.jp,5 Beilfuss Park,427-45-9865,6/19/1995
406,Berthe,Tremoille,btremoilleb9@bandcamp.com,9506 Fieldstone Avenue,532-37-8381,12/17/1983
407,Jocelyne,O'Bradain,jobradainba@themeforest.net,79 Heffernan Lane,703-27-4907,6/6/1982
408,Korrie,Wippermann,kwippermannbb@un.org,25 Randy Pass,704-77-5824,1/15/1990
409,Sammie,Stoggell,sstoggellbc@merriam-webster.com,76616 Graedel Circle,621-63-6285,3/12/1980
410,Darda,Erratt,derrattbd@scribd.com,0 Harbort Center,405-97-4568,2/10/1993
411,Tuck,Dilloway,tdillowaybe@ca.gov,54 Debs Way,537-85-5515,5/21/1998
412,Aksel,Wilkinson,awilkinsonbf@dell.com,67162 Merry Trail,371-78-8670,3/26/1996
413,Jaimie,Ary,jarybg@issuu.com,7113 Merry Drive,200-38-0330,9/28/1987
414,Linet,Tarquinio,ltarquiniobh@bbc.co.uk,235 Nova Plaza,388-23-0383,10/1/1988
415,Carie,Shoulder,cshoulderbi@flavors.me,80 Kropf Terrace,203-10-1397,11/16/1993
416,Eileen,Ouchterlony,eouchterlonybj@dmoz.org,76 Nevada Hill,831-87-6822,2/3/1981
417,Waldemar,Mutimer,wmutimerbk@miibeian.gov.cn,7004 Continental Pass,800-58-4234,7/9/1988
418,Bertina,Thow,bthowbl@studiopress.com,72777 Randy Parkway,171-99-3226,1/30/1988
419,Westleigh,Pley,wpleybm@weather.com,3869 Mosinee Drive,790-06-7706,12/31/1995
420,Ripley,Yarrall,ryarrallbn@nifty.com,28210 Eggendart Parkway,685-80-7180,7/30/1991
421,Monty,Persehouse,mpersehousebo@stanford.edu,9385 Sutteridge Way,346-94-5291,7/19/1996
422,Mellicent,Bushel,mbushelbp@wix.com,8 Roth Drive,408-33-1786,4/21/1994
423,Clemmy,Dumphrey,cdumphreybq@behance.net,84 Golden Leaf Point,386-94-9591,2/2/1997
424,Morty,Sandwich,msandwichbr@ucla.edu,114 Anhalt Point,685-07-7723,1/12/1987
425,Oliviero,Chadderton,ochaddertonbs@hp.com,91 Crownhardt Parkway,140-77-7509,9/9/1982
426,Ty,Martynikhin,tmartynikhinbt@nba.com,41 Shasta Way,503-06-5862,10/21/1998
427,Sergio,Vinsen,svinsenbu@marriott.com,9097 2nd Court,858-13-7941,1/16/1998
428,Averil,Brantl,abrantlbv@usatoday.com,22 Westerfield Parkway,723-57-1782,9/26/1980
429,Adriane,Brittin,abrittinbw@salon.com,2701 Ryan Point,344-85-9644,10/29/1983
430,Goldia,Yankeev,gyankeevbx@over-blog.com,25 Northwestern Parkway,575-75-4698,1/8/1980
431,Peta,Redman,predmanby@latimes.com,0 Ruskin Terrace,643-08-7560,2/7/1980
432,Glenine,Foynes,gfoynesbz@storify.com,78 Dixon Circle,775-19-9447,1/26/1996
433,Amil,Lamp,alampc0@vinaora.com,24 Vernon Way,158-71-8186,8/12/1997
434,Lucille,Woofenden,lwoofendenc1@cam.ac.uk,55 Anhalt Alley,184-72-9862,9/7/1988
435,Minnaminnie,Adds,maddsc2@google.cn,9 Annamark Crossing,206-95-4992,6/1/1992
436,Brant,Maddicks,bmaddicksc3@economist.com,45865 Eliot Court,374-86-8072,10/4/1996
437,Petey,Hemeret,phemeretc4@rambler.ru,12 Twin Pines Hill,609-28-1639,3/16/1997
438,Lou,Petrello,lpetrelloc5@unesco.org,64147 Northland Crossing,827-60-2524,8/31/1991
439,Gracie,Tuckie,gtuckiec6@dailymail.co.uk,22062 7th Road,443-16-0064,1/1/1991
440,Kandace,Grimsley,kgrimsleyc7@e-recht24.de,7 Holy Cross Terrace,432-42-8414,12/15/1990
441,Heinrick,Arnowitz,harnowitzc8@state.tx.us,573 3rd Terrace,202-10-4178,8/8/1991
442,Sayer,Scrivens,sscrivensc9@cocolog-nifty.com,5 Hoard Center,154-44-0043,1/8/1992
443,Jacqui,Illingsworth,jillingsworthca@gov.uk,8917 Rowland Hill,777-92-2783,7/13/1980
444,Abram,Keogh,akeoghcb@biglobe.ne.jp,10167 Florence Alley,537-57-6250,12/25/1980
445,Jeannette,Westney,jwestneycc@narod.ru,338 Kenwood Way,691-99-6426,7/30/1983
446,Yolande,Bernocchi,ybernocchicd@linkedin.com,9711 Dakota Parkway,489-64-3221,12/30/1994
447,Elmer,Ochterlony,eochterlonyce@lycos.com,123 Grover Center,710-49-3298,10/26/1998
448,Gaby,Onyon,gonyoncf@ebay.co.uk,402 Barby Crossing,816-51-1197,7/8/1992
449,Arabella,Glamart,aglamartcg@themeforest.net,23976 Weeping Birch Alley,381-23-2210,10/7/1984
450,Frans,Shovlar,fshovlarch@ted.com,5 Golf Alley,104-34-0032,8/27/1995
451,Linnet,Mager,lmagerci@seattletimes.com,980 Forster Terrace,835-10-7651,9/5/1982
452,Adamo,Nestor,anestorcj@pinterest.com,3566 Bobwhite Drive,566-33-9928,6/5/1992
453,Casar,Monan,cmonanck@sciencedirect.com,77 Kenwood Drive,136-93-2427,7/26/1982
454,Karee,Lassey,klasseycl@vkontakte.ru,0470 7th Road,893-46-4046,4/27/1988
455,Meara,Richings,mrichingscm@oakley.com,9 Vernon Circle,361-78-0610,2/20/1988
456,Ailyn,Jarrette,ajarrettecn@wikipedia.org,9899 Maple Wood Street,615-06-2613,10/31/1986
457,Delaney,Rubinfeld,drubinfeldco@msn.com,45331 Longview Lane,138-78-1249,5/11/1984
458,Farrah,Sotham,fsothamcp@cbc.ca,33 Charing Cross Street,303-03-3550,7/14/1981
459,Lorrie,Downse,ldownsecq@google.cn,962 Brentwood Way,275-68-6742,9/4/1997
460,Tabbie,Schoffel,tschoffelcr@360.cn,8603 Victoria Lane,673-99-0828,3/16/1989
461,Hailey,Ottam,hottamcs@mysql.com,942 Thierer Junction,842-94-7437,11/24/1990
462,Marquita,Bresson,mbressonct@furl.net,03 Dwight Trail,708-54-5758,5/23/1989
463,Weston,Piscopello,wpiscopellocu@businesswire.com,47 Dottie Pass,759-84-4102,4/17/1998
464,Holly-anne,Plewes,hplewescv@de.vu,324 Memorial Pass,279-88-3946,6/21/1987
465,Eirena,Paudin,epaudincw@businessweek.com,1 Canary Street,190-10-3388,12/24/1988
466,Ernie,Gjerde,egjerdecx@skype.com,38809 Hanover Crossing,418-20-3123,3/29/1982
467,Hanny,Mountstephen,hmountstephency@comsenz.com,9772 Marquette Drive,542-48-6425,4/3/1980
468,Jemima,Kubach,jkubachcz@ted.com,3 Fuller Drive,190-16-4480,3/31/1982
469,Pattie,Supple,psuppled0@ca.gov,6 Brown Terrace,837-56-7150,9/23/1994
470,Webb,Adlem,wadlemd1@1und1.de,917 Clemons Court,265-42-1226,2/2/1993
471,Ansell,Gonzalvo,agonzalvod2@merriam-webster.com,64 Dennis Parkway,572-28-2759,5/5/1997
472,Maximilianus,Blackmuir,mblackmuird3@salon.com,9474 Stoughton Junction,232-51-1343,10/8/1998
473,Conchita,Keenlyside,ckeenlysided4@over-blog.com,02751 Shopko Trail,835-05-8823,1/5/1983
474,Carie,Gregorace,cgregoraced5@senate.gov,764 Maple Drive,524-54-6210,12/27/1981
475,Sandro,Dillestone,sdillestoned6@amazonaws.com,74234 Hoard Parkway,291-09-9898,6/5/1986
476,Andrew,Wollacott,awollacottd7@imgur.com,10798 Pine View Terrace,842-19-1230,10/4/1987
477,Mic,Cuddehay,mcuddehayd8@fda.gov,6 Eastlawn Way,856-16-4367,12/21/1992
478,Westley,Benting,wbentingd9@weather.com,819 Kipling Street,738-61-6891,8/7/1991
479,Shurlocke,Poker,spokerda@nasa.gov,83518 Fair Oaks Lane,809-83-1187,9/27/1980
480,Cristine,Murford,cmurforddb@histats.com,048 Aberg Circle,253-64-4070,7/9/1989
481,Theodor,Vollam,tvollamdc@nydailynews.com,5 Ruskin Alley,174-68-5267,1/30/1998
482,Fair,Gerding,fgerdingdd@biglobe.ne.jp,2333 Glacier Hill Park,248-15-8844,5/27/1986
483,Edith,Bordone,ebordonede@google.nl,55 Manufacturers Road,496-84-2705,6/9/1987
484,Mina,Ashelford,mashelforddf@pinterest.com,86294 Eagle Crest Trail,215-48-5884,10/26/1997
485,Jada,Moyes,jmoyesdg@wisc.edu,565 Oneill Drive,291-18-9363,10/29/1996
486,Allister,Eyden,aeydendh@prlog.org,8 Schurz Road,581-66-0402,5/31/1995
487,Jerad,Dallender,jdallenderdi@arizona.edu,2 Prentice Place,584-62-6198,2/6/1986
488,Hedi,Duthy,hduthydj@archive.org,2877 Upham Drive,506-88-6123,5/17/1986
489,Zitella,Duddy,zduddydk@china.com.cn,68 Dayton Court,214-24-6583,5/9/1983
490,Jeanie,Jouning,jjouningdl@hugedomains.com,5 Vermont Parkway,559-91-9620,10/28/1985
491,Dix,Laweles,dlawelesdm@google.it,18 Almo Park,634-02-0359,2/12/1987
492,Ceciley,Murtimer,cmurtimerdn@scribd.com,97 Mandrake Junction,514-51-4233,5/9/1990
493,Roxane,Themann,rthemanndo@ycombinator.com,4 Truax Place,516-74-4190,5/18/1980
494,Bili,Stredwick,bstredwickdp@indiegogo.com,8052 Bashford Place,671-48-1268,7/15/1988
495,Roseline,Serjeant,rserjeantdq@hud.gov,0335 Mayer Center,740-60-8825,1/15/1995
496,Thaxter,Stoney,tstoneydr@cisco.com,776 Miller Terrace,443-74-6932,4/14/1995
497,Jay,Fairfoot,jfairfootds@utexas.edu,2 Lunder Center,571-24-0146,3/13/1993
498,Ivett,Rosenboim,irosenboimdt@go.com,94 Hansons Hill,639-74-6683,7/28/1991
499,Roxane,Rushbrooke,rrushbrookedu@hao123.com,012 Marquette Circle,887-22-8264,1/17/1996
500,Tito,Leinster,tleinsterdv@netlog.com,9 Ramsey Trail,462-01-7102,9/27/1983
501,Celine,Aimable,caimabledw@youtube.com,552 Rowland Alley,520-85-1693,6/16/1985
502,Charlene,Armitt,carmittdx@flickr.com,1039 Maple Court,704-93-4860,3/11/1981
503,Quinn,Spir,qspirdy@smugmug.com,91874 Di Loreto Road,679-58-3139,8/28/1984
504,Clayson,Bortoloni,cbortolonidz@live.com,1 Waywood Pass,317-38-0472,11/5/1982
505,Riobard,Ellwand,rellwande0@technorati.com,4284 Glacier Hill Terrace,803-73-4657,11/7/1994
506,Abner,Millea,amilleae1@lulu.com,9 Judy Circle,470-03-2449,8/14/1998
507,Claudell,Spyby,cspybye2@imgur.com,3 Kim Plaza,591-14-8416,5/10/1989
508,Dimitri,Merigon,dmerigone3@imgur.com,8495 Autumn Leaf Hill,776-18-9376,3/21/1990
509,Forbes,Sicily,fsicilye4@networkadvertising.org,6502 Northridge Point,644-51-3730,1/23/1982
510,Barrie,Sheather,bsheathere5@census.gov,99689 Mccormick Street,341-91-5938,10/1/1996
511,Tabb,Ferfulle,tferfullee6@bbc.co.uk,246 Lake View Way,896-61-3685,2/6/1987
512,Aggy,Roder,arodere7@blogger.com,073 Fairfield Street,365-58-1722,12/31/1994
513,Ethan,Bilton,ebiltone8@prweb.com,84 Reindahl Place,318-97-4861,8/23/1989
514,Alix,Oller,aollere9@harvard.edu,3 Corry Terrace,261-45-7501,11/3/1994
515,Arleyne,Blune,abluneea@cornell.edu,2 Grasskamp Trail,553-02-8702,5/22/1982
516,Zena,Plank,zplankeb@cloudflare.com,6 Crownhardt Park,743-18-3959,3/13/1985
517,Anselm,Riedel,ariedelec@amazon.de,9 Fulton Drive,301-52-7865,12/8/1987
518,Jason,Whitaker,jwhitakered@msu.edu,57803 Hermina Way,248-64-6479,10/6/1982
519,Guillema,Sellers,gsellersee@instagram.com,247 Calypso Junction,583-15-7673,1/13/1980
520,Nanci,Jumonet,njumonetef@cbc.ca,90216 Service Plaza,658-53-7720,10/5/1990
521,Peria,Feavearyear,pfeavearyeareg@com.com,43 Sage Drive,788-86-0557,3/21/1990
522,Ulrike,Jevons,ujevonseh@360.cn,46243 Hanover Point,883-61-9116,7/15/1998
523,Kathrine,Danilovic,kdanilovicei@hhs.gov,62 Mayer Alley,652-52-1553,4/3/1985
524,Irving,Fripp,ifrippej@webs.com,1 Chive Parkway,102-54-5160,8/30/1985
525,Harman,Dyshart,hdyshartek@ihg.com,026 Lotheville Court,868-28-5129,1/29/1994
526,Glyn,Sleet,gsleetel@cloudflare.com,13053 Badeau Trail,587-76-5326,3/24/1980
527,Vale,Ply,vplyem@hibu.com,5408 Kingsford Center,817-57-6652,4/28/1988
528,Cobb,Kiljan,ckiljanen@istockphoto.com,5 Mayfield Pass,689-46-3289,10/29/1995
529,Jeanine,Olyfant,jolyfanteo@about.me,9730 Dakota Place,425-04-7682,2/22/1988
530,Evangelina,Shippey,eshippeyep@discuz.net,6 Milwaukee Avenue,285-46-8650,4/25/1981
531,Doralynne,Berryman,dberrymaneq@umn.edu,50435 Holmberg Place,497-02-3937,2/9/1991
532,Lucius,Cardozo,lcardozoer@hibu.com,7 Clemons Place,745-98-2199,11/9/1981
533,Deane,Dunthorne,ddunthornees@patch.com,38 Village Green Plaza,866-27-6213,1/15/1988
534,Hesther,Mabe,hmabeet@yellowpages.com,9942 Vernon Terrace,827-27-3559,4/8/1989
535,Marylou,Huccaby,mhuccabyeu@state.gov,9657 Barby Avenue,771-53-1136,10/26/1987
536,Jacquelyn,Rockwell,jrockwellev@un.org,99643 Westerfield Way,762-43-5051,2/5/1985
537,Tyrone,Vinick,tvinickew@bloomberg.com,67171 Arizona Street,828-78-6947,4/7/1997
538,Eolande,Hadaway,ehadawayex@utexas.edu,558 Glendale Terrace,545-46-9334,7/4/1995
539,Nannette,Benko,nbenkoey@acquirethisname.com,77438 Sachtjen Pass,816-30-9896,12/16/1993
540,Bearnard,Wornham,bwornhamez@liveinternet.ru,0 Cardinal Parkway,817-82-3511,5/1/1994
541,Rog,Boocock,rboocockf0@discuz.net,7183 Kennedy Road,857-62-8731,11/15/1983
542,Devland,Gaspard,dgaspardf1@alibaba.com,987 Kennedy Crossing,871-15-1069,1/4/1991
543,Franny,M'Quharge,fmquhargef2@jigsy.com,558 Packers Junction,193-31-1177,7/6/1995
544,Patric,Lobe,plobef3@wikia.com,5003 Heath Court,313-91-8992,10/26/1995
545,Minerva,Rispine,mrispinef4@blog.com,89250 North Terrace,221-93-8365,4/15/1980
546,Phillida,Cobden,pcobdenf5@typepad.com,2 Raven Road,196-88-5404,8/2/1992
547,Eugene,Alderton,ealdertonf6@state.tx.us,054 David Crossing,124-34-5701,1/27/1990
548,Marion,Trasler,mtraslerf7@biglobe.ne.jp,91 Knutson Circle,214-61-1198,1/24/1994
549,Felic,Oboy,foboyf8@stanford.edu,6 Dennis Drive,578-40-2842,8/16/1991
550,Ingunna,Freshwater,ifreshwaterf9@elegantthemes.com,36 Portage Hill,519-95-2909,6/3/1981
551,Ada,Baselio,abaseliofa@php.net,322 John Wall Alley,688-96-4266,11/22/1983
552,Katine,Briar,kbriarfb@addthis.com,05 Aberg Parkway,540-07-0275,3/17/1983
553,Carolyne,Bowne,cbownefc@tripod.com,8929 Harbort Trail,429-50-0076,3/16/1986
554,Josephine,Sally,jsallyfd@a8.net,1701 Anderson Avenue,469-73-1802,6/15/1994
555,Melly,Pettko,mpettkofe@scientificamerican.com,3 Northwestern Parkway,238-44-2816,2/18/1987
556,Isa,Banke,ibankeff@yahoo.com,3 Lawn Crossing,770-78-4084,9/15/1991
557,Devin,Caustic,dcausticfg@howstuffworks.com,47046 Troy Plaza,766-65-5922,1/2/1981
558,Eugine,Skirlin,eskirlinfh@pbs.org,394 Drewry Road,128-62-4656,12/20/1995
559,Blithe,Sandells,bsandellsfi@people.com.cn,227 Vahlen Court,400-24-9243,2/23/1996
560,Pen,Heggadon,pheggadonfj@pen.io,45 Fuller Parkway,705-95-3221,5/7/1990
561,Kellyann,Meo,kmeofk@homestead.com,94 Dennis Alley,279-14-6827,5/30/1990
562,Britt,McKew,bmckewfl@360.cn,3119 Towne Road,861-58-5665,7/26/1992
563,Augustine,Thying,athyingfm@topsy.com,9 Cardinal Place,247-81-4444,6/13/1983
564,Rosemary,Seson,rsesonfn@sphinn.com,7 Lillian Avenue,528-48-5716,9/21/1990
565,Melinde,Dowson,mdowsonfo@un.org,68632 North Street,687-01-5445,7/26/1988
566,Boote,Adamczewski,badamczewskifp@un.org,226 Doe Crossing Court,124-61-0027,9/14/1989
567,Regina,Bernlin,rbernlinfq@last.fm,5253 Carpenter Pass,483-94-8925,4/1/1996
568,Ashlie,Hatto,ahattofr@mit.edu,86829 John Wall Circle,697-24-4257,8/25/1994
569,Burnaby,Fairfoull,bfairfoullfs@pinterest.com,6 Mifflin Drive,759-40-1299,2/23/1992
570,Chancey,Grishmanov,cgrishmanovft@boston.com,4642 Vidon Pass,251-06-4559,2/6/1994
571,Bay,Farmloe,bfarmloefu@statcounter.com,27 Clove Pass,488-73-1305,4/6/1995
572,Casey,Blackborow,cblackborowfv@vistaprint.com,2 Corry Center,168-08-0089,6/12/1980
573,Carola,Bolles,cbollesfw@sfgate.com,759 Carpenter Parkway,567-52-8235,8/19/1989
574,Randene,Risdall,rrisdallfx@toplist.cz,16234 Haas Parkway,673-30-5347,10/13/1982
575,Addie,Sprague,aspraguefy@hc360.com,6344 Weeping Birch Junction,177-41-8354,1/28/1986
576,Kendal,Hrinishin,khrinishinfz@nytimes.com,0555 Transport Alley,303-21-3687,1/29/1983
577,Nada,Glanert,nglanertg0@sogou.com,95231 Bluejay Junction,166-29-0623,12/18/1993
578,Elfie,Dengel,edengelg1@hugedomains.com,5896 Spenser Junction,375-09-9549,8/6/1990
579,Eudora,Phette,ephetteg2@wikia.com,37 Alpine Trail,564-75-0910,1/12/1986
580,Laura,Baroux,lbarouxg3@spiegel.de,2050 Russell Park,243-32-7342,3/6/1991
581,Avram,Fendlow,afendlowg4@bbc.co.uk,50 Brickson Park Alley,394-78-7269,5/19/1986
582,Sashenka,Colloby,scollobyg5@marketwatch.com,80555 Lighthouse Bay Crossing,179-27-8029,4/17/1997
583,Jimmy,Llopis,jllopisg6@ted.com,894 Amoth Center,590-60-0353,10/17/1985
584,Eugenius,Papaminas,epapaminasg7@tinyurl.com,0 Artisan Way,106-03-4156,1/8/1991
585,Dennie,Erickson,dericksong8@histats.com,68 Scoville Crossing,349-84-2126,6/12/1994
586,Wallis,Bagot,wbagotg9@biblegateway.com,8511 Schlimgen Trail,359-31-7009,8/5/1985
587,Blair,Loines,bloinesga@examiner.com,0223 Lotheville Alley,131-33-3139,4/21/1982
588,Orlan,Rolse,orolsegb@mozilla.org,9 Glendale Center,116-47-6802,1/8/1985
589,Shayla,Martinovic,smartinovicgc@networkadvertising.org,19803 Macpherson Road,233-15-1893,6/24/1998
590,Luce,MacAfee,lmacafeegd@netscape.com,99 Springs Street,320-38-7500,3/16/1995
591,Kristopher,Goble,kgoblege@slate.com,7898 Dixon Center,567-16-6956,9/10/1982
592,Jacob,McCreary,jmccrearygf@alibaba.com,34271 Hoepker Way,501-59-2065,6/14/1992
593,Veradis,Dunne,vdunnegg@theglobeandmail.com,13118 Pond Park,648-30-4963,10/6/1991
594,Linc,Pallesen,lpallesengh@123-reg.co.uk,45 Stuart Plaza,428-10-9629,8/23/1988
595,Cathyleen,Branwhite,cbranwhitegi@com.com,36 Corscot Terrace,137-27-0243,8/12/1984
596,Kiri,Jewitt,kjewittgj@mail.ru,12 Autumn Leaf Alley,246-41-1931,3/28/1983
597,Mira,Brockie,mbrockiegk@elegantthemes.com,4 Corben Crossing,482-28-6065,12/2/1998
598,Willow,Gurley,wgurleygl@lulu.com,727 Rieder Way,707-76-0666,7/1/1990
599,Temp,Hayesman,thayesmangm@jigsy.com,5099 Summit Point,468-40-9600,5/13/1992
600,Olivero,King,okinggn@clickbank.net,9 Declaration Alley,648-24-2195,7/26/1986
601,Cyrille,Alexsandrovich,calexsandrovichgo@nyu.edu,67183 Fuller Parkway,145-17-2450,11/30/1980
602,Goldie,Lamburne,glamburnegp@cyberchimps.com,1 Summer Ridge Point,276-24-8958,10/17/1980
603,Roz,Arch,rarchgq@squarespace.com,6534 Forest Run Pass,424-22-3097,7/31/1989
604,Iorgo,Featherby,ifeatherbygr@gizmodo.com,974 Vahlen Crossing,882-36-2796,5/8/1988
605,Nolan,Banke,nbankegs@live.com,7 Sauthoff Point,612-46-4953,2/1/1987
606,Adriaens,Suthworth,asuthworthgt@bbc.co.uk,77 Main Avenue,319-04-2121,7/6/1982
607,Luis,Lutzmann,llutzmanngu@paypal.com,84 Union Hill,156-40-1219,10/12/1980
608,Gery,Rymour,grymourgv@themeforest.net,03 Talisman Avenue,142-80-2458,7/1/1982
609,Joelle,Cooksey,jcookseygw@bbc.co.uk,36797 Gerald Crossing,811-35-0104,12/29/1982
610,Kinsley,Kardos,kkardosgx@opensource.org,5 Acker Junction,222-85-6144,5/22/1984
611,Russell,Hadingham,rhadinghamgy@apache.org,5 Lotheville Parkway,641-61-7332,11/18/1984
612,Frederigo,McCartney,fmccartneygz@msn.com,644 Lillian Crossing,441-08-2745,9/27/1981
613,Kerrie,Howsden,khowsdenh0@ustream.tv,2153 Meadow Valley Pass,636-12-8625,3/1/1993
614,Billie,Lonsbrough,blonsbroughh1@wikimedia.org,2 Eastwood Lane,317-57-9015,12/13/1995
615,Kaia,Guerola,kguerolah2@statcounter.com,1 Merchant Parkway,893-99-3915,6/30/1984
616,Lorne,Luipold,lluipoldh3@jugem.jp,3196 Karstens Center,693-92-5219,11/7/1997
617,Hersh,Lavielle,hlavielleh4@google.pl,9 Dwight Place,132-55-8545,3/2/1995
618,Sherilyn,Ecclestone,secclestoneh5@bandcamp.com,5 Stang Place,465-98-1745,9/10/1991
619,Harv,Muzzlewhite,hmuzzlewhiteh6@domainmarket.com,3507 Porter Road,648-30-4241,8/27/1983
620,Randi,Itzcovich,ritzcovichh7@comcast.net,948 Bay Road,811-06-9604,11/21/1985
621,Alva,Sherlaw,asherlawh8@tuttocitta.it,0946 Kingsford Circle,717-76-1122,12/18/1993
622,Alwyn,Kibel,akibelh9@jiathis.com,2 Harper Lane,350-37-7973,11/22/1988
623,Frederico,Cockerell,fcockerellha@gmpg.org,45 Valley Edge Alley,738-84-1559,10/13/1989
624,Celie,Utridge,cutridgehb@bbc.co.uk,26303 Lighthouse Bay Way,416-95-4157,5/25/1990
625,Frederica,Dugan,fduganhc@github.io,73028 La Follette Place,587-27-7083,9/2/1996
626,Tudor,Tarbatt,ttarbatthd@sakura.ne.jp,7 2nd Crossing,314-92-8406,7/24/1985
627,Elvis,Schultes,eschulteshe@nps.gov,186 Oxford Hill,264-54-4998,10/22/1988
628,Caspar,Jobson,cjobsonhf@mayoclinic.com,60 Cardinal Avenue,545-62-8748,2/4/1980
629,Rick,Le Prevost,rleprevosthg@google.ca,354 Northfield Parkway,296-14-0057,9/23/1998
630,Flori,Youster,fyousterhh@angelfire.com,793 Dapin Way,778-90-2296,12/18/1997
631,Pierette,McLewd,pmclewdhi@sohu.com,3 Goodland Pass,130-71-0604,8/22/1993
632,Cariotta,Goodnow,cgoodnowhj@berkeley.edu,5 Macpherson Trail,467-67-4298,11/16/1992
633,Sophia,Webermann,swebermannhk@nydailynews.com,973 Vera Terrace,119-36-8929,2/21/1992
634,Stephie,Skypp,sskypphl@guardian.co.uk,82 5th Hill,209-41-6713,2/16/1982
635,Steward,Bavage,sbavagehm@ucla.edu,91 Granby Trail,355-01-3133,8/29/1989
636,Sallyann,O'Doogan,sodooganhn@eepurl.com,42 Stone Corner Center,209-55-3647,5/19/1993
637,Jerrie,Corking,jcorkingho@linkedin.com,6973 Anderson Avenue,447-23-2541,8/25/1981
638,Mikey,Stainson,mstainsonhp@tinypic.com,50 Lukken Crossing,649-65-2835,8/18/1997
639,Annaliese,Eynald,aeynaldhq@howstuffworks.com,4747 Marquette Point,525-51-5916,1/28/1996
640,Almeda,Carcas,acarcashr@kickstarter.com,777 Welch Road,281-68-4188,4/2/1996
641,Myron,McGairl,mmcgairlhs@elegantthemes.com,11013 Messerschmidt Point,296-52-9483,11/21/1997
642,Fletch,Kamienski,fkamienskiht@sohu.com,357 Saint Paul Point,564-76-6617,7/13/1991
643,Leo,Reese,lreesehu@npr.org,9 Canary Lane,798-49-3594,9/7/1995
644,Briano,Waleran,bwaleranhv@abc.net.au,0191 Hermina Junction,509-03-4437,7/3/1993
645,Shelley,Crichton,scrichtonhw@histats.com,655 Merry Junction,223-59-5010,12/31/1991
646,Drona,Lief,dliefhx@reference.com,3350 Mendota Park,733-93-9446,1/8/1987
647,Ag,Bettenson,abettensonhy@apple.com,0995 Sugar Alley,850-65-4579,2/8/1987
648,Omero,Mannock,omannockhz@howstuffworks.com,38 Brickson Park Parkway,893-85-0870,7/6/1990
649,Wilton,Hacard,whacardi0@ed.gov,3810 Eliot Drive,718-46-1116,5/9/1988
650,Kyle,Edgehill,kedgehilli1@eepurl.com,9449 John Wall Point,799-26-7646,4/12/1984
651,Evangelia,Brand,ebrandi2@webnode.com,3104 Gateway Hill,208-17-8830,12/5/1998
652,Loella,Gallico,lgallicoi3@goodreads.com,4238 Fuller Way,304-55-3966,4/21/1982
653,Trudey,Huzzey,thuzzeyi4@istockphoto.com,820 Pennsylvania Hill,630-87-8249,11/18/1990
654,Emanuel,Emlyn,eemlyni5@usgs.gov,455 Bonner Park,478-02-9208,1/15/1986
655,Megan,Castan,mcastani6@ucoz.com,1995 Carpenter Alley,574-56-0420,10/27/1997
656,Shaine,Kernocke,skernockei7@census.gov,769 Trailsway Parkway,166-20-1353,4/15/1992
657,Georges,Wormleighton,gwormleightoni8@prweb.com,0901 Shelley Trail,736-89-3897,2/16/1987
658,Lidia,Chevers,lcheversi9@unicef.org,2723 Logan Road,737-23-2636,7/23/1980
659,Ardyce,Bartocci,abartocciia@wix.com,0 Anniversary Terrace,126-47-9948,8/21/1995
660,Riley,Dieton,rdietonib@sfgate.com,97468 Fieldstone Drive,457-80-5950,9/9/1987
661,Marilyn,Rubury,mruburyic@wufoo.com,8 Sundown Trail,888-84-7540,11/18/1981
662,Raven,Jervois,rjervoisid@list-manage.com,97 Merchant Trail,217-86-2631,5/2/1997
663,Maud,Rappa,mrappaie@nyu.edu,83 Northland Trail,459-45-5371,3/9/1994
664,Wanids,Huriche,whuricheif@tripadvisor.com,2844 Cottonwood Terrace,830-20-4612,12/19/1997
665,Melinde,Freschi,mfreschiig@parallels.com,97515 Orin Hill,413-40-1683,5/9/1998
666,Rurik,Reddin,rreddinih@engadget.com,271 Heffernan Road,566-61-1723,3/28/1985
667,Iorgo,Hedney,ihedneyii@bing.com,0168 Toban Road,337-91-3842,7/15/1996
668,Pearle,Yeoland,pyeolandij@howstuffworks.com,40963 Springview Lane,738-11-4397,2/25/1985
669,Leshia,Campe,lcampeik@imgur.com,98 Shelley Avenue,725-42-3375,11/13/1993
670,Joannes,Meacher,jmeacheril@addtoany.com,55221 Thackeray Center,707-66-9072,7/23/1983
671,Myca,Keith,mkeithim@taobao.com,821 Mifflin Plaza,246-03-2370,10/27/1987
672,Elmira,Phettis,ephettisin@who.int,770 Muir Circle,404-56-2741,11/25/1982
673,Deina,Matyushenko,dmatyushenkoio@altervista.org,7 Manley Circle,388-24-3794,8/14/1982
674,Gannon,Huntress,ghuntressip@geocities.jp,298 Ryan Crossing,199-78-6301,2/23/1994
675,Tadio,Varnes,tvarnesiq@hugedomains.com,076 Weeping Birch Road,700-34-4728,4/18/1994
676,Chastity,Dessent,cdessentir@diigo.com,03 Almo Lane,460-68-0501,12/26/1988
677,Babita,MacPhee,bmacpheeis@ca.gov,197 Ruskin Point,833-35-9648,5/19/1988
678,Hermy,Wretham,hwrethamit@google.ca,2516 Fallview Circle,356-37-6670,11/25/1997
679,Emmi,Mateiko,emateikoiu@ft.com,9 Eggendart Circle,480-06-0045,8/15/1986
680,Lian,Brittoner,lbrittoneriv@jalbum.net,919 Crowley Crossing,372-77-2986,6/6/1984
681,Edythe,Baleine,ebaleineiw@miibeian.gov.cn,40 Truax Alley,755-06-1630,2/1/1981
682,Corie,Chadbourn,cchadbournix@storify.com,8 Fallview Terrace,639-07-7595,3/21/1982
683,Armstrong,Summerhayes,asummerhayesiy@reverbnation.com,17 Wayridge Trail,238-10-6995,11/22/1989
684,Cyndy,Compston,ccompstoniz@yellowbook.com,37594 Elka Circle,770-46-4717,2/19/1996
685,Thorndike,Baelde,tbaeldej0@weather.com,0 Meadow Vale Lane,231-90-6235,8/16/1993
686,Bartholemy,Jellicorse,bjellicorsej1@free.fr,63794 Lukken Court,410-15-7626,7/8/1991
687,Celestyn,Ship,cshipj2@guardian.co.uk,0218 Northview Place,331-11-9527,11/29/1987
688,Garwood,Antonacci,gantonaccij3@shop-pro.jp,97642 Randy Park,554-85-3843,7/23/1984
689,Kennedy,Lindenbluth,klindenbluthj4@chicagotribune.com,33 Vahlen Circle,399-54-5209,10/21/1988
690,Florrie,Bacher,fbacherj5@imageshack.us,42178 Delaware Terrace,459-48-2730,12/27/1995
691,Nelly,Chomley,nchomleyj6@toplist.cz,880 Jenifer Point,142-91-7526,9/1/1990
692,Aldis,Bahde,abahdej7@comcast.net,951 3rd Lane,619-74-2818,4/25/1989
693,Minette,Jubert,mjubertj8@uol.com.br,03316 Buhler Trail,706-37-2530,7/28/1981
694,Derk,Venus,dvenusj9@miitbeian.gov.cn,9316 Manley Crossing,704-12-4262,2/15/1984
695,Kalvin,Gemnett,kgemnettja@usda.gov,5781 Dennis Court,599-63-3796,10/19/1980
696,Deva,Fattorini,dfattorinijb@psu.edu,0678 Fulton Road,546-39-2426,1/1/1987
697,Veronike,Sivills,vsivillsjc@si.edu,1 Raven Hill,676-90-9401,10/14/1981
698,Shaun,Forsyth,sforsythjd@jigsy.com,08 Bashford Hill,759-66-0348,8/13/1983
699,Jon,Domanski,jdomanskije@e-recht24.de,5917 Chive Trail,247-39-3161,3/28/1986
700,Gisela,Serjeantson,gserjeantsonjf@ehow.com,078 Judy Trail,401-68-3567,9/30/1984
701,Elisa,McKag,emckagjg@plala.or.jp,5177 Riverside Drive,637-18-2444,4/11/1985
702,Reece,Saundercock,rsaundercockjh@harvard.edu,68426 Continental Lane,397-76-4734,2/21/1989
703,Louie,Rao,lraoji@pagesperso-orange.fr,03756 7th Plaza,375-90-9517,1/5/1995
704,Rhonda,Colledge,rcolledgejj@theglobeandmail.com,32 Dryden Drive,123-95-7783,5/18/1992
705,Eberhard,Beckhouse,ebeckhousejk@ucoz.ru,15565 Dunning Crossing,100-77-5592,8/3/1993
706,Cele,Crickmore,ccrickmorejl@bluehost.com,1 Chive Pass,530-74-7786,3/20/1997
707,Dante,Grob,dgrobjm@cisco.com,66337 South Drive,154-64-0939,3/11/1988
708,Cyb,Shottin,cshottinjn@cmu.edu,55359 Moulton Road,624-86-8734,3/21/1991
709,Peirce,Divill,pdivilljo@nhs.uk,79618 Fremont Center,744-62-3763,8/3/1997
710,Vanna,Vlach,vvlachjp@soundcloud.com,0466 Lotheville Place,414-55-8470,12/18/1987
711,Lizzy,Jefferies,ljefferiesjq@amazon.co.uk,542 Eastwood Avenue,404-44-2357,8/6/1992
712,Halsey,Lyddyard,hlyddyardjr@prlog.org,9 Dakota Center,182-53-1347,8/28/1995
713,Hope,Parfitt,hparfittjs@chron.com,54 Beilfuss Street,705-54-6183,12/24/1998
714,Lucia,Nunson,lnunsonjt@amazonaws.com,72 Stephen Avenue,272-26-8044,12/16/1996
715,Abe,Stobbie,astobbieju@trellian.com,0083 Lunder Parkway,482-74-2054,3/31/1985
716,Farley,Hymor,fhymorjv@businesswire.com,971 Elgar Trail,895-69-1737,7/1/1984
717,Tonnie,Packe,tpackejw@dion.ne.jp,19331 American Avenue,416-94-0619,5/19/1989
718,Archy,Georg,ageorgjx@ehow.com,972 Buell Hill,517-93-4268,7/5/1998
719,Gael,Clarey,gclareyjy@archive.org,578 East Center,190-93-3045,9/19/1994
720,Siobhan,McManamen,smcmanamenjz@wikimedia.org,32953 Nova Crossing,641-26-2357,2/15/1994
721,Amble,Gwillim,agwillimk0@nytimes.com,45434 Hallows Place,222-43-4779,3/17/1992
722,Theodoric,Gabbotts,tgabbottsk1@odnoklassniki.ru,94 Welch Junction,324-16-6906,5/19/1996
723,Wallas,Jolliman,wjollimank2@disqus.com,8 Badeau Hill,535-07-0106,7/31/1984
724,Codie,Orry,corryk3@fastcompany.com,616 Bultman Alley,632-56-0892,10/6/1987
725,Lucien,Blackler,lblacklerk4@about.com,8212 Chive Circle,225-95-7274,6/10/1986
726,Else,Tremlett,etremlettk5@ted.com,4433 Express Hill,385-41-9433,4/10/1998
727,Ginevra,Chippendale,gchippendalek6@epa.gov,30849 Kenwood Park,888-34-8510,5/30/1994
728,Myer,Corkhill,mcorkhillk7@techcrunch.com,3 Haas Place,755-35-8757,8/3/1981
729,Erny,Yesipov,eyesipovk8@360.cn,645 Schmedeman Terrace,807-35-4259,9/21/1992
730,Susanna,Ducarel,sducarelk9@unesco.org,800 Coolidge Plaza,794-99-2672,1/2/1997
731,Belicia,Trevallion,btrevallionka@fc2.com,648 Service Alley,625-27-0062,1/10/1980
732,Lucas,Fallen,lfallenkb@cbc.ca,259 Vermont Park,386-98-4838,9/19/1998
733,Fin,Crowden,fcrowdenkc@php.net,72839 Rusk Court,652-80-5706,4/23/1985
734,Cam,Cometti,ccomettikd@typepad.com,0946 Mandrake Circle,731-14-4339,4/30/1992
735,Andres,Gorrissen,agorrissenke@answers.com,07 Eastwood Court,741-79-1501,6/4/1998
736,Olwen,Stebbing,ostebbingkf@reddit.com,5124 Petterle Lane,819-40-1687,7/25/1980
737,Caresa,Caple,ccaplekg@who.int,9316 Maple Circle,326-30-1869,7/11/1998
738,Ignaz,Warton,iwartonkh@fema.gov,2 Columbus Lane,676-20-3966,3/25/1991
739,Thorndike,Fones,tfoneski@spiegel.de,55 Linden Crossing,329-05-3507,7/16/1991
740,Kelci,Brahams,kbrahamskj@photobucket.com,73 Quincy Way,121-27-3633,1/21/1984
741,Christy,Vina,cvinakk@scribd.com,9 Jay Center,298-01-6876,5/11/1988
742,Lisa,Toffalo,ltoffalokl@reddit.com,515 Hintze Alley,493-24-0014,11/26/1998
743,Vikky,Lansbury,vlansburykm@cafepress.com,7700 Gateway Avenue,759-69-1683,3/13/1990
744,Sheila,Thulborn,sthulbornkn@vkontakte.ru,432 Waubesa Road,692-46-3817,2/16/1980
745,Stacia,Muck,smuckko@wsj.com,4 Columbus Place,558-20-9065,2/13/1998
746,Cesar,Lusgdin,clusgdinkp@arstechnica.com,82427 Ryan Avenue,491-08-8680,6/10/1990
747,Saunder,Van den Broek,svandenbroekkq@time.com,445 Helena Lane,350-88-0566,8/26/1997
748,Theodor,Dinsmore,tdinsmorekr@marketwatch.com,008 Morningstar Circle,632-55-0955,8/21/1983
749,Tucker,Baelde,tbaeldeks@apache.org,7656 Summer Ridge Court,603-11-5456,3/16/1986
750,Tremain,Broschke,tbroschkekt@meetup.com,7 Havey Drive,537-07-2353,4/18/1985
751,Leticia,Zecchi,lzecchiku@shareasale.com,4647 Waywood Point,785-68-0513,1/7/1986
752,Regan,Boal,rboalkv@goodreads.com,3188 Susan Junction,741-32-2884,1/16/1984
753,Shepperd,Whatley,swhatleykw@home.pl,4 Grasskamp Lane,747-81-8211,5/3/1992
754,Gran,Cafe,gcafekx@ustream.tv,81275 Meadow Ridge Junction,769-67-1312,4/26/1991
755,Virge,Mallord,vmallordky@vimeo.com,5362 Starling Hill,867-12-0476,5/11/1991
756,Nancey,Burtenshaw,nburtenshawkz@prlog.org,676 Banding Drive,516-61-2642,7/8/1995
757,Kyla,Guyonnet,kguyonnetl0@yellowpages.com,53742 1st Circle,232-18-5583,12/13/1988
758,Kit,McClelland,kmcclellandl1@chron.com,02 Homewood Place,897-02-5200,12/24/1993
759,Vasili,Juden,vjudenl2@unblog.fr,7 Hoepker Avenue,164-40-4476,3/4/1998
760,Hilary,Insole,hinsolel3@twitpic.com,18 Florence Road,193-07-5359,3/21/1987
761,Adrianne,Rakestraw,arakestrawl4@irs.gov,066 Bay Center,747-27-2934,9/26/1980
762,Ellsworth,MacQuarrie,emacquarriel5@baidu.com,34198 Arrowood Parkway,256-82-0011,11/2/1982
763,Marjorie,Roblett,mroblettl6@senate.gov,06 Canary Hill,866-03-9556,9/14/1981
764,Randolph,Yukhnov,ryukhnovl7@reverbnation.com,874 Delaware Park,371-83-0639,10/22/1998
765,Janith,Conquest,jconquestl8@mozilla.org,2820 Hermina Drive,387-61-5935,4/8/1985
766,Wiley,Kempstone,wkempstonel9@goodreads.com,294 Caliangt Way,134-26-5856,2/25/1985
767,Cleopatra,Hynes,chynesla@mac.com,2 Quincy Pass,386-28-6378,8/15/1983
768,Floria,Morena,fmorenalb@soundcloud.com,4 Rieder Place,470-50-4468,11/22/1996
769,Ilene,Ockenden,iockendenlc@zimbio.com,4345 Grasskamp Way,238-56-4471,12/26/1986
770,Leighton,Magnay,lmagnayld@domainmarket.com,059 Stone Corner Avenue,488-57-0275,12/7/1993
771,Jorge,Trowl,jtrowlle@phoca.cz,3479 Haas Street,387-66-8132,8/7/1992
772,Olenka,Gillebert,ogillebertlf@berkeley.edu,3563 Butternut Avenue,460-05-4695,9/30/1985
773,Marilyn,Jzhakov,mjzhakovlg@sciencedirect.com,0757 Farragut Junction,136-38-2671,7/29/1997
774,Ruthi,Tighe,rtighelh@psu.edu,91 Lunder Alley,642-12-4998,3/1/1991
775,Jeff,Dursley,jdursleyli@typepad.com,2411 Lighthouse Bay Point,848-99-2878,10/27/1989
776,Reinhard,Szymanek,rszymaneklj@nba.com,5 Anniversary Lane,418-45-2163,11/19/1980
777,Gerard,Branson,gbransonlk@domainmarket.com,33 1st Lane,843-64-1712,11/15/1998
778,Filmer,Paquet,fpaquetll@zimbio.com,3 Sutherland Point,579-17-9087,2/15/1992
779,Glen,Chevis,gchevislm@vimeo.com,46 Graceland Crossing,435-31-4524,6/2/1986
780,Bern,Dismore,bdismoreln@ocn.ne.jp,90 Bluestem Trail,282-34-2703,1/9/1993
781,Jesse,Bresnen,jbresnenlo@freewebs.com,926 Darwin Way,887-55-5524,5/10/1985
782,Dido,Dragonette,ddragonettelp@gravatar.com,1419 International Crossing,377-30-0127,12/20/1997
783,Lewiss,Bilt,lbiltlq@businessweek.com,8529 Superior Lane,508-30-6956,12/19/1982
784,Marybelle,Annis,mannislr@prweb.com,99 Gina Hill,882-61-0935,6/5/1980
785,Shea,Jager,sjagerls@pagesperso-orange.fr,2198 Main Trail,301-92-4666,1/21/1980
786,Hanny,Leale,hlealelt@jimdo.com,138 Victoria Lane,263-31-7432,3/30/1996
787,Gustavo,Irce,gircelu@techcrunch.com,36 Blue Bill Park Trail,123-13-9383,5/11/1992
788,Dorothy,Luttger,dluttgerlv@rediff.com,80377 Petterle Pass,235-77-7540,10/30/1983
789,Raffarty,Biaggelli,rbiaggellilw@prnewswire.com,739 Truax Pass,330-92-8913,7/31/1993
790,Cordelia,Goreisr,cgoreisrlx@squarespace.com,971 Springview Trail,195-08-7228,4/23/1984
791,Priscilla,Karys,pkarysly@plala.or.jp,20 Shasta Hill,284-94-8532,6/25/1996
792,Taylor,Creyke,tcreykelz@sitemeter.com,6 Everett Road,323-16-1018,5/8/1989
793,Liva,Trunchion,ltrunchionm0@infoseek.co.jp,0 Novick Drive,176-66-6024,3/27/1988
794,Dale,Spendlove,dspendlovem1@multiply.com,08258 Vernon Circle,850-89-2784,8/2/1980
795,Isis,McOwan,imcowanm2@spotify.com,47 Ridgeview Avenue,825-39-5053,1/23/1995
796,Connor,Miskimmon,cmiskimmonm3@businessweek.com,5 Lakewood Gardens Drive,372-34-9432,8/15/1994
797,Clerc,Hansbury,chansburym4@amazon.co.uk,05454 Jana Alley,603-32-6003,1/4/1993
798,Gayle,McGarvey,gmcgarveym5@adobe.com,24 Sycamore Trail,536-16-5169,11/30/1985
799,Rosalyn,Doleman,rdolemanm6@buzzfeed.com,38 Rigney Terrace,894-64-9880,6/29/1989
800,Shayla,Lipyeat,slipyeatm7@tuttocitta.it,73684 Valley Edge Drive,641-50-8966,11/16/1991
801,Jeannie,Bedminster,jbedminsterm8@angelfire.com,58 Evergreen Pass,209-66-5035,9/8/1994
802,Dulcia,Lauga,dlaugam9@google.ca,96 Summer Ridge Street,607-81-3709,7/8/1984
803,Dalston,Paolone,dpaolonema@va.gov,04980 Elgar Way,590-92-3689,3/17/1984
804,Antonius,Gibbeson,agibbesonmb@cnbc.com,31653 Armistice Drive,447-98-0136,5/1/1991
805,Timmie,Cristol,tcristolmc@parallels.com,50 Havey Circle,404-78-7015,7/29/1988
806,Agnese,Galway,agalwaymd@theglobeandmail.com,0014 Kennedy Circle,483-43-8232,2/17/1987
807,Spence,Aslum,saslumme@meetup.com,549 Sutherland Terrace,220-88-9085,9/9/1994
808,Roth,Guidelli,rguidellimf@kickstarter.com,63 Lakewood Place,225-77-5143,11/7/1987
809,Robinetta,Leyes,rleyesmg@nbcnews.com,0749 Crest Line Lane,150-51-4780,4/15/1995
810,Dinah,Ragbourn,dragbournmh@godaddy.com,2093 Express Place,866-03-8756,10/31/1981
811,Danielle,Crosseland,dcrosselandmi@adobe.com,06 Truax Way,424-22-0782,8/19/1986
812,Harlin,Swyndley,hswyndleymj@narod.ru,774 Vermont Point,220-86-7965,10/11/1994
813,Maryrose,Durram,mdurrammk@csmonitor.com,13 Farwell Place,117-27-2684,7/1/1993
814,Tamara,Pitman,tpitmanml@ifeng.com,3165 Spenser Junction,529-39-8078,8/30/1995
815,Virge,Risborough,vrisboroughmm@jigsy.com,531 Leroy Circle,183-74-5201,9/21/1989
816,Loralyn,Lathleiffure,llathleiffuremn@unesco.org,188 Londonderry Trail,705-09-4148,7/21/1981
817,Ronnie,Peal,rpealmo@seesaa.net,1 Anniversary Center,192-72-4829,11/15/1993
818,Robbert,Farfull,rfarfullmp@meetup.com,0260 Sherman Junction,288-37-8921,7/19/1988
819,Zebedee,Mewha,zmewhamq@4shared.com,683 Delladonna Pass,518-19-9974,12/8/1986
820,Jethro,Toretta,jtorettamr@google.fr,26 Bluestem Drive,644-32-3574,12/10/1993
821,Arthur,Soigne,asoignems@pen.io,0 Jackson Circle,588-47-7158,1/25/1995
822,Franz,Kiwitz,fkiwitzmt@opensource.org,1 Dunning Trail,852-06-7229,2/23/1992
823,Burl,Cestard,bcestardmu@twitter.com,5038 Nobel Park,578-12-3272,8/21/1990
824,Maximilien,Houlden,mhouldenmv@craigslist.org,5118 Kings Road,681-68-2780,5/4/1980
825,Annadiane,Patten,apattenmw@ask.com,27 Elgar Road,372-83-9370,2/1/1983
826,Joanne,Shekle,jsheklemx@rediff.com,238 Crescent Oaks Hill,557-19-2297,12/14/1994
827,Hallsy,Vernau,hvernaumy@gizmodo.com,63062 Hansons Circle,488-41-4559,4/1/1987
828,Garvy,MacCaig,gmaccaigmz@cocolog-nifty.com,17 Shelley Park,426-44-1343,4/13/1984
829,Elnore,Giocannoni,egiocannonin0@shinystat.com,553 Kenwood Park,323-36-4930,12/3/1986
830,Cyrillus,Suscens,csuscensn1@webmd.com,358 Linden Court,195-57-7491,4/16/1985
831,Briant,Strutz,bstrutzn2@statcounter.com,94 Blaine Avenue,618-75-4274,1/17/1984
832,Salem,Playle,splaylen3@thetimes.co.uk,031 Dwight Drive,511-94-3910,4/26/1982
833,Lois,Rankine,lrankinen4@reference.com,61557 Del Sol Trail,700-32-5497,10/11/1998
834,Keane,Deakin,kdeakinn5@nih.gov,515 Alpine Road,877-41-1377,1/14/1990
835,Aurie,Sangwine,asangwinen6@accuweather.com,7 Transport Hill,174-74-4775,6/27/1998
836,Cami,Potier,cpotiern7@bloglovin.com,4759 Blue Bill Park Drive,296-09-0849,4/15/1983
837,Homer,Martine,hmartinen8@un.org,802 Daystar Circle,307-23-8251,10/19/1990
838,Gweneth,Goede,ggoeden9@virginia.edu,4121 Autumn Leaf Court,798-61-8701,4/8/1981
839,Lurette,Sprigings,lsprigingsna@irs.gov,2484 Bunting Pass,739-69-4314,5/1/1994
840,Bessy,ducarme,bducarmenb@cdc.gov,5 Canary Crossing,187-86-6333,2/18/1996
841,Brigitta,Hattam,bhattamnc@php.net,1 Bowman Avenue,830-64-7383,4/28/1998
842,Rustin,Gallie,rgalliend@state.gov,7 Crest Line Court,145-12-5900,9/26/1996
843,Lorant,Worham,lworhamne@usnews.com,020 Dixon Terrace,114-22-0754,12/1/1998
844,Clementius,Mendes,cmendesnf@ibm.com,57 Burrows Crossing,451-62-9203,3/30/1991
845,Decca,Merchant,dmerchantng@ucsd.edu,5 Forest Junction,657-17-7915,9/12/1981
846,Kathy,Copper,kcoppernh@tripod.com,7 Pearson Point,397-93-6033,9/2/1998
847,Tymon,Jenking,tjenkingni@craigslist.org,9 Havey Crossing,733-51-5460,12/28/1982
848,Michel,Stancer,mstancernj@nationalgeographic.com,15 Ludington Alley,724-41-7134,3/29/1984
849,Rowney,Penlington,rpenlingtonnk@alibaba.com,421 Canary Trail,761-93-3518,8/1/1995
850,Lorettalorna,Klaus,lklausnl@prnewswire.com,56514 Moulton Center,616-53-0130,9/18/1998
851,Corinne,Twentyman,ctwentymannm@who.int,3830 Holy Cross Road,333-79-3930,3/14/1980
852,Burton,Lipgens,blipgensnn@csmonitor.com,7 Magdeline Lane,286-28-8628,4/3/1995
853,Oona,Burcher,oburcherno@webmd.com,3105 Eagle Crest Lane,898-77-8487,12/19/1992
854,Carolyne,Jurewicz,cjurewicznp@surveymonkey.com,08974 Susan Plaza,710-34-3374,2/28/1990
855,Pearce,Piddlesden,ppiddlesdennq@123-reg.co.uk,69 Southridge Alley,252-67-4918,11/28/1981
856,Carlynne,Cunah,ccunahnr@washingtonpost.com,9 Park Meadow Pass,418-31-5699,7/10/1982
857,Gilberte,Shade,gshadens@globo.com,3952 Vernon Alley,488-52-8471,7/11/1996
858,Rudy,Jaram,rjaramnt@i2i.jp,37156 Shopko Trail,236-34-5432,3/12/1980
859,Kendra,O' Byrne,kobyrnenu@apache.org,854 Lighthouse Bay Court,419-34-3638,7/14/1989
860,Laurel,Ivison,livisonnv@nytimes.com,5 Hintze Junction,629-92-7973,7/31/1983
861,Gunilla,Stark,gstarknw@eepurl.com,3 Sullivan Plaza,700-47-9547,4/6/1995
862,Jelene,Minichi,jminichinx@wsj.com,2 Coolidge Center,395-88-7987,4/23/1987
863,Jorgan,Kernan,jkernanny@1688.com,2790 Algoma Alley,793-07-8877,12/3/1990
864,Pieter,St. Ledger,pstledgernz@webmd.com,1523 Moland Hill,640-40-5218,5/6/1990
865,Bryan,Bille,bbilleo0@aboutads.info,53 Kingsford Park,767-54-9849,1/5/1992
866,Tania,Kleinhaut,tkleinhauto1@plala.or.jp,9849 Scott Place,864-24-9150,6/14/1986
867,Enrico,Tomaszkiewicz,etomaszkiewiczo2@jigsy.com,056 Granby Pass,299-13-7471,11/6/1997
868,Neill,Balf,nbalfo3@cyberchimps.com,67848 Arkansas Hill,877-17-1334,7/29/1991
869,Veriee,Maywood,vmaywoodo4@chron.com,64 Spohn Court,701-01-2870,3/19/1987
870,Herve,Newbegin,hnewbegino5@mysql.com,3 Victoria Junction,581-95-8404,6/28/1996
871,Bryon,Jedrzejkiewicz,bjedrzejkiewiczo6@va.gov,27165 Ryan Street,647-23-2328,9/18/1988
872,Jane,Antonikov,jantonikovo7@blogger.com,98 Hanson Lane,471-25-9789,8/22/1998
873,Mathilda,Ottewell,mottewello8@netlog.com,3215 Shoshone Avenue,147-07-6391,6/13/1997
874,Edik,Worsnap,eworsnapo9@naver.com,55 School Street,418-24-8773,11/25/1982
875,Artemus,Leadbeatter,aleadbeatteroa@craigslist.org,60804 Parkside Crossing,764-21-3758,11/1/1992
876,Kylie,Eastlake,keastlakeob@blog.com,2587 Graceland Terrace,416-60-5798,5/24/1983
877,Odette,Tapp,otappoc@sitemeter.com,37 Bay Avenue,619-54-8775,3/4/1997
878,Waldon,Kinman,wkinmanod@zimbio.com,86 Doe Crossing Plaza,782-66-0177,11/20/1991
879,Hastings,Nunnerley,hnunnerleyoe@meetup.com,386 Westend Alley,328-90-5194,11/4/1982
880,Tamiko,Ibarra,tibarraof@ucla.edu,8828 Eagan Trail,832-23-8860,1/8/1998
881,Lezley,Load,lloadog@stanford.edu,1071 Dapin Plaza,167-55-3937,5/18/1998
882,Kelcey,McLanachan,kmclanachanoh@addthis.com,05307 Anniversary Place,848-16-4064,3/18/1993
883,Ariana,Cosgry,acosgryoi@nyu.edu,51338 Johnson Center,845-31-2377,3/5/1997
884,Bertha,Jaggi,bjaggioj@ycombinator.com,90309 Hooker Lane,816-63-5468,12/4/1987
885,Bobbie,Livingston,blivingstonok@weather.com,0 Sugar Street,852-13-0224,9/6/1995
886,Matelda,Cumberland,mcumberlandol@etsy.com,643 Anthes Plaza,305-57-1429,4/30/1990
887,Earle,Gerring,egerringom@weebly.com,153 Bowman Terrace,183-14-2608,2/23/1996
888,Riley,Deetch,rdeetchon@theglobeandmail.com,83991 Tony Road,511-54-6859,10/10/1992
889,Zelda,Braam,zbraamoo@marriott.com,00598 Huxley Lane,833-34-5119,5/18/1988
890,Page,Dovidian,pdovidianop@wikimedia.org,739 Pleasure Avenue,867-98-5111,8/13/1994
891,Edna,Lambell,elambelloq@networkadvertising.org,5 Merrick Court,203-65-2418,10/7/1997
892,Roseann,Skouling,rskoulingor@vinaora.com,936 Loeprich Terrace,780-40-6379,5/28/1980
893,Jacinda,Sewall,jsewallos@paginegialle.it,2 Sommers Lane,633-61-7832,4/23/1982
894,Rodrick,Bohills,rbohillsot@rakuten.co.jp,79072 Brickson Park Crossing,875-78-7166,5/30/1980
895,Clyve,Ioannidis,cioannidisou@va.gov,522 Hanson Lane,224-22-4597,2/23/1988
896,Tootsie,Saintsbury,tsaintsburyov@go.com,4 Nelson Terrace,471-42-8011,5/14/1983
897,Carissa,Malpas,cmalpasow@examiner.com,2 Morrow Parkway,517-77-5597,4/1/1989
898,Gianni,Djurkovic,gdjurkovicox@ifeng.com,5 Veith Drive,670-20-5848,9/13/1984
899,Krista,Stuke,kstukeoy@google.fr,7 Grayhawk Junction,889-23-4648,1/12/1984
900,Melisse,Leftridge,mleftridgeoz@gravatar.com,797 Vernon Terrace,750-84-0567,9/13/1984
901,Mariya,Laidlow,mlaidlowp0@mapy.cz,605 Roxbury Point,577-45-4774,5/9/1995
902,Aile,Ropking,aropkingp1@weebly.com,7004 Lien Parkway,451-21-2176,5/8/1990
903,Karel,Kabos,kkabosp2@unicef.org,60654 Doe Crossing Trail,126-71-9816,9/19/1994
904,Chick,O' Culligan,coculliganp3@nba.com,765 Portage Terrace,871-15-0519,8/24/1998
905,Harley,Watton,hwattonp4@163.com,4387 Arizona Road,317-44-2665,9/28/1981
906,Kennett,Kender,kkenderp5@apple.com,3 Everett Plaza,481-77-1960,11/11/1992
907,Evangeline,Beau,ebeaup6@spotify.com,34 Golf Course Street,750-15-1506,1/7/1982
908,Barbara,Yacobsohn,byacobsohnp7@mayoclinic.com,74378 Nelson Terrace,829-88-5833,10/19/1984
909,Marsha,Sloy,msloyp8@patch.com,86799 Meadow Valley Court,745-14-9486,3/11/1994
910,Gillan,McKune,gmckunep9@networkadvertising.org,79817 Namekagon Alley,599-46-3454,11/19/1981
911,Marcia,Hamlin,mhamlinpa@creativecommons.org,2 Artisan Terrace,334-98-2076,12/16/1984
912,Donielle,Topper,dtopperpb@vinaora.com,2 Northwestern Pass,620-26-6541,7/4/1986
913,Mile,Demcak,mdemcakpc@addthis.com,315 Anzinger Circle,352-41-0189,4/8/1980
914,Thorvald,Siddons,tsiddonspd@bloglines.com,5 Prairieview Center,222-60-1456,9/9/1983
915,Kris,Coyett,kcoyettpe@vimeo.com,537 Bunker Hill Way,131-52-1050,3/17/1985
916,Hill,Fielder,hfielderpf@tinyurl.com,7977 Tomscot Terrace,147-35-1379,5/29/1997
917,Florrie,Ollenbuttel,follenbuttelpg@java.com,921 West Way,370-90-6286,1/17/1984
918,Else,Chatband,echatbandph@uol.com.br,7788 Sullivan Pass,170-41-5357,5/14/1981
919,Suki,Borborough,sborboroughpi@loc.gov,48 Manitowish Trail,154-29-9596,6/4/1985
920,Cassandry,Renforth,crenforthpj@devhub.com,1 Twin Pines Lane,516-98-5281,8/2/1991
921,Emelen,Alfuso,ealfusopk@yellowpages.com,6 Moose Road,721-52-4165,7/15/1998
922,Emmalyn,Lethbridge,elethbridgepl@is.gd,403 Prairie Rose Terrace,896-45-0772,4/26/1998
923,Cornell,Isakovic,cisakovicpm@gov.uk,9 Dwight Trail,677-29-7820,7/27/1985
924,Frasier,Cammocke,fcammockepn@linkedin.com,92 Bluejay Drive,688-77-9703,5/29/1994
925,Deloria,Whettleton,dwhettletonpo@webnode.com,3187 Sullivan Alley,644-35-0666,9/25/1987
926,Karole,Screeton,kscreetonpp@reddit.com,8111 Spaight Road,142-81-0240,1/30/1985
927,Gusta,Lulham,glulhampq@t-online.de,7 Blue Bill Park Drive,890-36-5457,8/23/1998
928,Suzi,Hellis,shellispr@mediafire.com,075 Blaine Center,188-78-9806,1/31/1990
929,Reuven,Dumphry,rdumphryps@forbes.com,31347 Express Junction,562-80-4349,10/18/1995
930,Hilton,Kundt,hkundtpt@uiuc.edu,37 Shelley Crossing,850-94-4355,9/13/1997
931,Kin,Gilpillan,kgilpillanpu@gizmodo.com,973 Shoshone Center,239-92-9526,7/21/1993
932,Marya,Vasichev,mvasichevpv@creativecommons.org,0 Burning Wood Court,354-67-3441,8/13/1988
933,Brod,Pinar,bpinarpw@w3.org,48911 Scoville Way,657-35-9417,2/20/1997
934,Lionel,Pennoni,lpennonipx@smh.com.au,72170 Aberg Terrace,377-02-2515,9/17/1984
935,Lanny,Woodvine,lwoodvinepy@4shared.com,285 Carberry Place,151-12-0155,11/18/1987
936,Daffy,Attwood,dattwoodpz@hp.com,5 Marcy Place,261-19-5115,5/29/1997
937,Jandy,Rowantree,jrowantreeq0@ebay.co.uk,724 Ridgeway Drive,253-65-9394,11/20/1983
938,Neil,Goldman,ngoldmanq1@geocities.com,2767 Evergreen Point,653-70-6741,2/26/1982
939,Maure,Whitnall,mwhitnallq2@meetup.com,9 Buena Vista Street,289-37-3183,8/23/1996
940,See,Iapico,siapicoq3@blogger.com,45581 Mockingbird Terrace,572-03-7734,7/18/1992
941,Sula,Oherlihy,soherlihyq4@google.co.uk,70 Myrtle Road,679-63-4303,5/8/1986
942,Kare,Alliberton,kallibertonq5@yelp.com,31 Maryland Pass,451-63-9960,12/25/1996
943,Teddy,Primo,tprimoq6@baidu.com,56 Kinsman Junction,176-59-5604,11/30/1989
944,Nikkie,Froome,nfroomeq7@odnoklassniki.ru,95214 Veith Place,735-42-2271,12/30/1995
945,Kaleb,O'Dowd,kodowdq8@g.co,405 Di Loreto Avenue,164-83-2221,3/10/1998
946,Katrina,Pietasch,kpietaschq9@freewebs.com,85 Mallard Way,123-12-9827,6/28/1994
947,Deonne,Lippi,dlippiqa@simplemachines.org,2507 Badeau Terrace,799-72-4188,8/19/1996
948,Jourdan,Jeenes,jjeenesqb@webeden.co.uk,4 Redwing Hill,144-74-5710,11/1/1997
949,Cary,Leall,cleallqc@hostgator.com,880 Pierstorff Alley,309-24-6380,5/1/1983
950,Malanie,Tenaunt,mtenauntqd@nymag.com,1 Redwing Center,451-09-9952,8/27/1989
951,Roderic,McGeoch,rmcgeochqe@goodreads.com,554 Stone Corner Terrace,639-36-9440,2/28/1987
952,Lorianna,Shower,lshowerqf@berkeley.edu,73 Florence Street,436-94-7681,1/30/1991
953,Gerda,Jinks,gjinksqg@discuz.net,285 Gerald Hill,887-01-7085,7/6/1995
954,Lucilia,McDavitt,lmcdavittqh@dedecms.com,0 Mifflin Pass,111-09-1559,6/8/1993
955,Othilia,L'Episcopi,olepiscopiqi@squarespace.com,92 Sloan Way,479-21-9035,7/5/1990
956,Katy,Montgomery,kmontgomeryqj@ocn.ne.jp,6 Crescent Oaks Parkway,579-96-4818,9/3/1992
957,Cchaddie,Slimming,cslimmingqk@1688.com,7 Lerdahl Trail,851-46-4092,9/7/1991
958,Elmira,MacGorrie,emacgorrieql@sourceforge.net,92 Twin Pines Alley,656-53-4920,11/20/1989
959,Reilly,Cocklin,rcocklinqm@netscape.com,18 Columbus Crossing,719-19-9107,6/23/1990
960,Claribel,Skillern,cskillernqn@seesaa.net,047 Evergreen Trail,162-89-4027,7/27/1990
961,Robinette,De Domenici,rdedomeniciqo@mit.edu,31 Stang Terrace,281-77-7836,1/11/1987
962,Sindee,Woodhouse,swoodhouseqp@mapquest.com,52 Haas Plaza,101-16-1853,6/9/1992
963,Sebastien,Jeenes,sjeenesqq@hibu.com,47968 Randy Park,711-64-6438,10/15/1983
964,Johnna,McGerr,jmcgerrqr@hubpages.com,0 Lakewood Trail,783-22-1001,12/12/1986
965,Helen-elizabeth,Bargh,hbarghqs@hao123.com,0 Mariners Cove Pass,767-44-2969,1/9/1991
966,Philippine,Paterno,ppaternoqt@skype.com,31648 Hazelcrest Plaza,884-53-9902,6/19/1988
967,Thomasina,Blackborne,tblackbornequ@e-recht24.de,42 Oak Crossing,656-76-4912,11/22/1988
968,Zebedee,Tailby,ztailbyqv@prweb.com,8 Red Cloud Center,861-58-9919,6/26/1987
969,Camellia,Buckell,cbuckellqw@rakuten.co.jp,5 Declaration Terrace,100-80-7053,3/28/1985
970,Adrianne,Beausang,abeausangqx@deliciousdays.com,03072 Jay Plaza,622-48-0699,9/1/1989
971,Sallie,Berthomieu,sberthomieuqy@ft.com,6 Grover Road,628-19-9897,8/21/1983
972,Oates,Conneely,oconneelyqz@microsoft.com,7355 Menomonie Street,314-77-8219,8/18/1987
973,Valli,Van Arsdall,vvanarsdallr0@ucsd.edu,7 Kinsman Center,167-36-9047,12/1/1991
974,Doll,Tarney,dtarneyr1@ebay.co.uk,4180 Blaine Terrace,240-14-4948,11/2/1986
975,Monty,Boughton,mboughtonr2@timesonline.co.uk,6 Mcbride Alley,628-67-6126,8/28/1995
976,Alecia,Ugo,augor3@harvard.edu,43322 Monica Avenue,474-09-6197,4/7/1983
977,Drusi,Exon,dexonr4@feedburner.com,75969 Hallows Junction,520-19-9914,9/26/1990
978,Isa,Sammonds,isammondsr5@newyorker.com,0 Hauk Court,418-97-9475,6/17/1987
979,Janka,Booth,jboothr6@wikipedia.org,609 Namekagon Point,682-27-5399,3/1/1980
980,Abbye,Pinckstone,apinckstoner7@wordpress.com,2 Superior Pass,697-70-1638,9/21/1995
981,Pieter,Prate,pprater8@issuu.com,24 Fieldstone Avenue,193-06-5508,11/13/1980
982,Renato,Elders,reldersr9@google.com.au,70062 Farragut Lane,241-10-6798,5/3/1990
983,Emmanuel,Bowerman,ebowermanra@gizmodo.com,35734 Bunker Hill Court,306-20-4584,3/29/1985
984,Lulu,Henric,lhenricrb@sakura.ne.jp,69287 Carberry Plaza,296-87-0479,2/1/1991
985,Val,Confait,vconfaitrc@timesonline.co.uk,8 Summer Ridge Plaza,752-28-8308,9/19/1984
986,Isabel,Everix,ieverixrd@ning.com,33799 Novick Crossing,282-27-7983,4/6/1987
987,Jaynell,Squeers,jsqueersre@xinhuanet.com,85363 Spenser Plaza,209-19-5372,5/8/1995
988,Yalonda,Yielding,yyieldingrf@canalblog.com,3 Sugar Street,826-07-8589,6/12/1985
989,Celinda,Paxton,cpaxtonrg@google.fr,2 High Crossing Park,403-91-3784,2/21/1984
990,Ruth,McLeman,rmclemanrh@bizjournals.com,430 West Pass,110-46-0990,6/12/1995
991,Parnell,McInulty,pmcinultyri@archive.org,508 Comanche Park,488-42-5719,9/11/1997
992,Ardelia,Pollicatt,apollicattrj@pcworld.com,74195 Dottie Way,464-05-7197,7/4/1989
993,Englebert,Bartos,ebartosrk@linkedin.com,6509 Donald Avenue,761-48-5985,7/26/1983
994,Reyna,McQuirk,rmcquirkrl@dagondesign.com,9882 Pierstorff Junction,888-32-0616,1/28/1989
995,Meryl,Abbado,mabbadorm@squidoo.com,89428 Mifflin Drive,768-09-8547,9/1/1990
996,Martelle,Pobjoy,mpobjoyrn@newyorker.com,81 Union Avenue,187-84-3778,7/22/1994
997,Jessamyn,Dabrowski,jdabrowskiro@yelp.com,4 Mallard Drive,309-82-9676,5/14/1988
998,Tobin,Karchewski,tkarchewskirp@indiegogo.com,615 Helena Avenue,522-77-0589,11/28/1991
999,Royce,Corsor,rcorsorrq@hud.gov,948 Comanche Place,812-85-5760,9/25/1988
1000,Constantia,Bowerbank,cbowerbankrr@tumblr.com,3626 Nelson Center,621-67-5434,4/4/1984
